gene_id,gene_name,gene_type,mean_abs_shap
ENSG00000237125.8,HAND2-AS1,antisense,2.3796566
ENSG00000267125.2,CTB-31O20.6,antisense,1.921438
ENSG00000229847.8,EMX2OS,antisense,1.5982895
ENSG00000256462.1,RP11-116G8.5,antisense,1.4702153
ENSG00000253563.2,NKX2-1-AS1,antisense,1.4225833
ENSG00000255474.1,RP11-234B24.2,lincRNA,1.3272792
ENSG00000269186.1,LINC01082,lincRNA,1.278094
ENSG00000251562.7,MALAT1,lincRNA,1.2391833
ENSG00000229719.3,AP001187.9,lincRNA,1.2375869
ENSG00000268592.3,RAET1E-AS1,antisense,1.235943
ENSG00000265401.1,RP11-138I1.4,antisense,1.1789653
ENSG00000258232.2,RP11-161H23.5,antisense,1.0736103
ENSG00000228262.8,LINC01320,lincRNA,1.0182883
ENSG00000183674.11,LINC00518,lincRNA,1.011374
ENSG00000251381.6,LINC00958,lincRNA,0.9486079
ENSG00000225431.1,AP001626.1,lincRNA,0.8648229
ENSG00000224924.6,LINC00320,lincRNA,0.8641805
ENSG00000225383.6,SFTA1P,lincRNA,0.8561579
ENSG00000267458.1,CTC-425F1.4,antisense,0.84672976
ENSG00000176840.11,MIR7-3HG,lincRNA,0.8369236
ENSG00000261012.2,RP11-116D2.1,lincRNA,0.8317294
ENSG00000268388.5,FENDRR,lincRNA,0.82972366
ENSG00000183242.11,WT1-AS,antisense,0.8295184
ENSG00000262223.6,RP11-1055B8.3,lincRNA,0.80947626
ENSG00000276888.1,RP11-244H18.1,antisense,0.7923556
ENSG00000259663.2,CTD-2314G24.2,antisense,0.7884307
ENSG00000226812.2,RP5-881L22.5,antisense,0.7693258
ENSG00000264577.1,AC010761.8,antisense,0.74959916
ENSG00000243350.1,RP11-379F12.3,lincRNA,0.72266686
ENSG00000259974.2,LINC00261,lincRNA,0.7029926
ENSG00000269888.1,RP11-3P17.5,lincRNA,0.6983838
ENSG00000203499.10,FAM83H-AS1,lincRNA,0.6871838
ENSG00000275563.1,CTD-2311B13.5,antisense,0.6846788
ENSG00000261195.1,CTD-2380F24.1,antisense,0.68237054
ENSG00000274177.1,LLNLR-284B4.1,antisense,0.68039334
ENSG00000259353.1,RP11-30K9.5,antisense,0.6795089
ENSG00000235142.7,RP1-60O19.1,lincRNA,0.66515434
ENSG00000253552.7,HOXA-AS2,antisense,0.6486417
ENSG00000272440.1,RP11-379F4.6,lincRNA,0.644876
ENSG00000166917.8,MIR202HG,antisense,0.63507617
ENSG00000233101.10,HOXB-AS3,antisense,0.6234273
ENSG00000175772.10,LINC01106,lincRNA,0.61383945
ENSG00000249601.2,LINC01187,lincRNA,0.61354816
ENSG00000245526.8,LINC00461,lincRNA,0.6007508
ENSG00000259969.1,RP11-999E24.3,sense_overlapping,0.5899316
ENSG00000224137.1,AC079767.4,lincRNA,0.58329886
ENSG00000277749.1,RP11-60L3.6,antisense,0.57918656
ENSG00000276850.4,CH17-360D5.2,lincRNA,0.57604825
ENSG00000251164.1,HULC,lincRNA,0.570426
ENSG00000227869.1,RP11-807H17.1,lincRNA,0.56589335
ENSG00000266036.1,RP11-452I5.2,antisense,0.56529325
ENSG00000224911.1,AC015936.3,antisense,0.56355804
ENSG00000258414.1,RP11-356O9.1,lincRNA,0.5535455
ENSG00000240990.9,HOXA11-AS,antisense,0.5513245
ENSG00000279141.3,LINC01451,lincRNA,0.54873306
ENSG00000270547.5,LINC01235,lincRNA,0.54872614
ENSG00000186960.10,LINC01551,lincRNA,0.535248
ENSG00000226674.8,TEX41,lincRNA,0.50974566
ENSG00000259006.1,RP11-566K11.4,antisense,0.50295967
ENSG00000273796.1,LL21NC02-21A1.1,lincRNA,0.4980652
ENSG00000254560.5,BBOX1-AS1,antisense,0.4941864
ENSG00000232656.7,IDI2-AS1,antisense,0.49055544
ENSG00000264578.1,RP11-360L9.8,antisense,0.48332325
ENSG00000280623.1,PCAT14,lincRNA,0.4832468
ENSG00000230630.2,DNM3OS,antisense,0.4783341
ENSG00000224842.2,RP11-123K19.1,antisense,0.47721195
ENSG00000272927.1,RP11-1191J2.5,antisense,0.47544768
ENSG00000275234.1,CTD-2396E7.11,antisense,0.46755412
ENSG00000274173.1,RP4-568C11.4,lincRNA,0.46669608
ENSG00000225742.5,RP11-513G11.4,lincRNA,0.46333477
ENSG00000236935.1,AP003774.1,antisense,0.45691875
ENSG00000255301.1,RP11-624G17.3,antisense,0.45336327
ENSG00000237380.6,HOXD-AS2,antisense,0.4503964
ENSG00000228830.1,RP4-781K5.2,antisense,0.4499305
ENSG00000236130.1,PTCSC2,lincRNA,0.4481211
ENSG00000242808.7,SOX2-OT,sense_overlapping,0.44696972
ENSG00000230084.5,RP4-613B23.1,antisense,0.44282597
ENSG00000244567.1,AC096772.6,lincRNA,0.4414165
ENSG00000265148.5,BZRAP1-AS1,antisense,0.43860608
ENSG00000266490.1,CTD-2349P21.9,lincRNA,0.43499398
ENSG00000233521.5,RP5-1172A22.1,lincRNA,0.4339949
ENSG00000260664.2,AC004158.3,lincRNA,0.4337374
ENSG00000242407.1,CTD-2377D24.4,lincRNA,0.43207756
ENSG00000261675.1,RP5-1119A7.17,sense_overlapping,0.43162456
ENSG00000223403.3,MEG9,lincRNA,0.4291622
ENSG00000273388.1,RP11-401O9.4,antisense,0.42551166
ENSG00000228639.6,AC005152.3,lincRNA,0.42489153
ENSG00000249532.3,RP11-148B6.1,antisense,0.423511
ENSG00000249082.2,C5orf66-AS1,lincRNA,0.42324334
ENSG00000254911.3,SCARNA9,antisense,0.420557
ENSG00000253187.2,HOXA10-AS,antisense,0.4164545
ENSG00000261039.2,RP11-417E7.2,lincRNA,0.41347688
ENSG00000277531.1,LLNLF-187D8.1,lincRNA,0.41063938
ENSG00000261437.1,RP11-22C11.2,antisense,0.41041824
ENSG00000281181.1,CH507-513H4.3,lincRNA,0.40865743
ENSG00000274565.1,CTD-3035K23.7,antisense,0.3919532
ENSG00000260057.5,LINC01571,lincRNA,0.3919244
ENSG00000255390.1,RP11-732A19.5,antisense,0.39174005
ENSG00000234614.1,AL450992.2,antisense,0.3916691
ENSG00000257084.1,U47924.27,lincRNA,0.3880064
ENSG00000258479.5,LINC00640,lincRNA,0.38644424
ENSG00000236656.1,RP11-144L1.4,antisense,0.38602152
ENSG00000243766.7,HOTTIP,antisense,0.38515052
ENSG00000272141.1,RP11-465B22.8,lincRNA,0.38146603
ENSG00000272742.1,CTB-43P18.1,antisense,0.38127378
ENSG00000259104.2,PTCSC3,lincRNA,0.37786743
ENSG00000231210.2,LINC01510,lincRNA,0.37769347
ENSG00000243004.5,AC005062.2,sense_overlapping,0.37555516
ENSG00000248801.6,C8orf34-AS1,antisense,0.3749896
ENSG00000259001.3,RPPH1,antisense,0.37287745
ENSG00000204049.1,RP11-126H7.4,antisense,0.37153688
ENSG00000237594.2,AP000251.3,antisense,0.36983165
ENSG00000250366.2,TUNAR,lincRNA,0.3634528
ENSG00000248636.6,RP11-768F21.1,lincRNA,0.36298603
ENSG00000235687.8,LINC00993,lincRNA,0.3628388
ENSG00000232110.7,RP11-149I23.3,antisense,0.36138877
ENSG00000258586.1,RP5-1021I20.2,lincRNA,0.36056498
ENSG00000256417.1,RP11-1038A11.3,lincRNA,0.35917145
ENSG00000266010.1,GATA6-AS1,lincRNA,0.35622716
ENSG00000232006.8,AC005537.2,lincRNA,0.35617885
ENSG00000248810.1,RP11-362F19.1,lincRNA,0.35322055
ENSG00000229407.5,RP11-12M5.3,antisense,0.3524615
ENSG00000247498.9,RP11-392P7.6,antisense,0.3522548
ENSG00000233705.6,SLC26A4-AS1,antisense,0.3519403
ENSG00000261064.1,RP11-1000B6.3,lincRNA,0.35098776
ENSG00000274993.1,RP11-395B7.2,antisense,0.34995437
ENSG00000269707.1,RP11-13J10.1,sense_overlapping,0.34871385
ENSG00000266341.1,RP5-890E16.4,antisense,0.3481598
ENSG00000233237.6,LINC00472,lincRNA,0.34131667
ENSG00000262456.1,RP1-59D14.1,antisense,0.3387157
ENSG00000259933.6,RP11-304L19.1,sense_overlapping,0.3376087
ENSG00000261116.1,RP3-523K23.2,sense_overlapping,0.33709526
ENSG00000258504.2,RP11-638I2.6,lincRNA,0.33658558
ENSG00000237149.5,ZNF503-AS2,antisense,0.334103
ENSG00000214145.6,LINC00887,lincRNA,0.331631
ENSG00000232803.1,SLCO4A1-AS1,antisense,0.32945013
ENSG00000258498.6,DIO3OS,lincRNA,0.3249787
ENSG00000099869.7,IGF2-AS,antisense,0.3234557
ENSG00000231764.8,DLX6-AS1,antisense,0.31888708
ENSG00000272163.1,GS1-72M22.1,antisense,0.3148025
ENSG00000227388.2,RP11-112J3.16,lincRNA,0.31443372
ENSG00000275830.1,RP11-403A3.3,lincRNA,0.3112082
ENSG00000260581.1,CTB-113P19.4,antisense,0.31089634
ENSG00000226197.2,RP11-536O18.1,lincRNA,0.3106185
ENSG00000256576.2,RP13-977J11.2,lincRNA,0.3090881
ENSG00000231013.1,AC013275.2,antisense,0.30491307
ENSG00000230257.1,NFE4,antisense,0.3046171
ENSG00000259347.5,RP11-798K3.2,lincRNA,0.3006999
ENSG00000255197.5,RP11-750H9.5,antisense,0.29775453
ENSG00000179066.7,CTD-2527I21.15,lincRNA,0.29470694
ENSG00000230061.2,TRPM2-AS,antisense,0.29340404
ENSG00000236782.5,RP11-96L14.7,antisense,0.29270902
ENSG00000247809.7,NR2F2-AS1,antisense,0.29158187
ENSG00000280206.1,CTB-193M12.5,lincRNA,0.29079422
ENSG00000226816.2,AC005082.12,lincRNA,0.29043794
ENSG00000261829.1,RP11-223I10.1,sense_overlapping,0.29022294
ENSG00000227403.1,AC009299.3,lincRNA,0.2901677
ENSG00000274248.1,AJ011932.1,lincRNA,0.29006958
ENSG00000261183.5,RP11-532F12.5,antisense,0.2898085
ENSG00000280614.1,CH507-513H4.4,lincRNA,0.28576145
ENSG00000235026.5,DPP10-AS1,antisense,0.28439096
ENSG00000197308.8,GATA3-AS1,lincRNA,0.27607667
ENSG00000254894.1,NAV2-AS1,antisense,0.27505803
ENSG00000257663.1,RP11-1100L3.7,antisense,0.2738183
ENSG00000204949.8,FAM83A-AS1,antisense,0.27358156
ENSG00000223485.1,RP11-417E7.1,lincRNA,0.27247465
ENSG00000255498.1,RP11-618K13.2,antisense,0.272368
ENSG00000240801.1,AC132217.4,3prime_overlapping_ncrna,0.2722798
ENSG00000233461.5,RP11-295G20.2,antisense,0.27099916
ENSG00000231826.5,AC016735.2,lincRNA,0.26887152
ENSG00000266844.1,RP11-862L9.3,antisense,0.26874653
ENSG00000259052.1,AL157871.2,sense_overlapping,0.26591673
ENSG00000236666.1,POTEH-AS1,antisense,0.2647738
ENSG00000259264.5,RP11-60L3.1,antisense,0.26476312
ENSG00000230943.1,RP11-367G18.1,lincRNA,0.26447713
ENSG00000262831.1,RP11-498C9.2,antisense,0.2642049
ENSG00000249641.2,HOXC13-AS,antisense,0.26344925
ENSG00000177133.10,LINC00982,antisense,0.26260126
ENSG00000239922.1,RP11-71N10.1,lincRNA,0.26250422
ENSG00000248771.5,LINC01207,lincRNA,0.26240337
ENSG00000244625.5,MIATNB,lincRNA,0.26234418
ENSG00000273038.2,RP11-479G22.8,lincRNA,0.26160967
ENSG00000261170.1,RP11-252A24.5,antisense,0.25975633
ENSG00000251138.6,RP11-81H3.2,lincRNA,0.25848383
ENSG00000258017.1,RP11-386G11.10,antisense,0.2581644
ENSG00000249395.2,CASC9,lincRNA,0.25808248
ENSG00000228630.5,HOTAIR,antisense,0.2563305
ENSG00000256802.2,RP11-680F8.1,antisense,0.25588122
ENSG00000272564.1,RP11-548P2.2,lincRNA,0.25547725
ENSG00000254528.7,RP11-728F11.4,antisense,0.253855
ENSG00000261804.1,RP11-44F14.2,lincRNA,0.25191584
ENSG00000226733.1,RP11-397G17.1,lincRNA,0.25157037
ENSG00000258844.1,RP11-259K15.2,lincRNA,0.25033844
ENSG00000126005.15,MMP24-AS1,antisense,0.250328
ENSG00000267601.1,RP11-323N12.5,antisense,0.24725008
ENSG00000228058.1,RP11-552D4.1,lincRNA,0.24655569
ENSG00000254290.1,RP11-150O12.3,lincRNA,0.24584526
ENSG00000265992.1,ESRG,sense_intronic,0.24464174
ENSG00000196421.7,LINC00176,lincRNA,0.24454075
ENSG00000276724.1,RP11-1000B6.7,sense_intronic,0.24414442
ENSG00000240498.6,CDKN2B-AS1,antisense,0.24261698
ENSG00000269564.1,AC008753.4,lincRNA,0.24170884
ENSG00000269210.2,RP11-173C1.1,antisense,0.23982805
ENSG00000262533.1,RP11-667K14.4,antisense,0.23957656
ENSG00000275413.1,CTC-529I10.1,antisense,0.23903881
ENSG00000205488.8,CALML3-AS1,antisense,0.23900571
ENSG00000233056.2,ERVH48-1,lincRNA,0.23609775
ENSG00000273760.1,CH17-360D5.3,lincRNA,0.23604362
ENSG00000273275.1,RP11-474G23.2,antisense,0.23511869
ENSG00000265206.3,RP5-1171I10.5,antisense,0.2348638
ENSG00000260577.2,RP11-615I2.2,antisense,0.23444656
ENSG00000223573.6,TINCR,lincRNA,0.23314808
ENSG00000237945.7,LINC00649,antisense,0.23168646
ENSG00000237523.1,LINC00857,lincRNA,0.23144041
ENSG00000237361.2,TUSC8,lincRNA,0.23129143
ENSG00000272189.1,RP3-325F22.5,antisense,0.23126408
ENSG00000251169.2,AC005355.2,lincRNA,0.23044401
ENSG00000273615.1,RP11-1136G4.2,lincRNA,0.22979808
ENSG00000226598.1,AC017060.1,lincRNA,0.22708556
ENSG00000198221.8,MLLT4-AS1,lincRNA,0.22702104
ENSG00000197182.12,MIRLET7BHG,lincRNA,0.22653723
ENSG00000267395.5,AC074212.6,antisense,0.22626469
ENSG00000255750.5,RP11-283G6.5,antisense,0.2257355
ENSG00000231346.5,LINC01160,lincRNA,0.22548357
ENSG00000260196.1,RP1-239B22.5,antisense,0.22360218
ENSG00000204588.5,LINC01123,lincRNA,0.22288024
ENSG00000237438.6,CECR7,lincRNA,0.22265339
ENSG00000272269.1,RP11-500C11.3,antisense,0.2211738
ENSG00000281383.1,CH507-513H4.5,lincRNA,0.21978725
ENSG00000224259.5,LINC01133,lincRNA,0.21969426
ENSG00000185904.11,LINC00839,lincRNA,0.2190208
ENSG00000259658.3,RP11-89K11.1,lincRNA,0.218707
ENSG00000231064.5,RP11-263K19.4,antisense,0.21861546
ENSG00000272279.1,RP11-157J24.2,lincRNA,0.21794604
ENSG00000261373.1,VPS9D1-AS1,antisense,0.21699436
ENSG00000230798.5,FOXD3-AS1,antisense,0.2162619
ENSG00000234918.1,RP11-20F24.2,lincRNA,0.21603484
ENSG00000224739.2,AC016735.1,lincRNA,0.21584855
ENSG00000249042.5,CTD-2015H6.3,antisense,0.21408476
ENSG00000224698.1,RP11-131J3.1,lincRNA,0.21394451
ENSG00000234690.6,AC073283.4,lincRNA,0.21216464
ENSG00000250685.7,RP11-486L19.2,antisense,0.21183585
ENSG00000223814.1,RP11-543D5.2,lincRNA,0.21048498
ENSG00000236824.1,BCYRN1,lincRNA,0.20924053
ENSG00000235584.2,AC008268.1,lincRNA,0.20895012
ENSG00000244300.2,GATA2-AS1,antisense,0.20830503
ENSG00000231789.2,PIK3CD-AS2,antisense,0.20695584
ENSG00000254605.1,RP11-626H12.2,lincRNA,0.20569867
ENSG00000254480.1,RP11-23F23.2,lincRNA,0.20484781
ENSG00000265840.1,AC010761.10,antisense,0.20456332
ENSG00000254531.1,FLJ20021,lincRNA,0.20424278
ENSG00000245750.7,DRAIC,lincRNA,0.2037878
ENSG00000269994.1,RP11-276H19.2,lincRNA,0.2026165
ENSG00000228223.2,HCG11,lincRNA,0.20220399
ENSG00000255737.2,AGAP2-AS1,antisense,0.20125894
ENSG00000241570.8,PAQR9-AS1,antisense,0.20066555
ENSG00000272540.1,XXbac-BPG252P9.9,antisense,0.20010506
ENSG00000231621.1,AC013264.2,antisense,0.19912781
ENSG00000233682.3,RP11-13P5.2,antisense,0.19907
ENSG00000230155.6,RP3-477O4.14,antisense,0.19871391
ENSG00000229950.1,TFAP2A-AS1,antisense,0.19852673
ENSG00000225548.5,AC098973.2,lincRNA,0.19717097
ENSG00000237298.8,TTN-AS1,antisense,0.19645536
ENSG00000236345.1,RP11-59D5__B.2,antisense,0.19642101
ENSG00000257671.1,RP3-416H24.1,antisense,0.19611228
ENSG00000260418.1,RP3-406A7.7,lincRNA,0.19607466
ENSG00000273297.1,RP11-38M8.1,lincRNA,0.19310348
ENSG00000258655.2,ARHGAP5-AS1,antisense,0.19283935
ENSG00000261664.5,TTC39A-AS1,antisense,0.19279629
ENSG00000226091.7,LINC00937,lincRNA,0.19126609
ENSG00000227036.6,LINC00511,lincRNA,0.19103336
ENSG00000257181.1,RP11-611O2.5,antisense,0.18872565
ENSG00000277534.1,RP11-9E17.1,sense_intronic,0.18828651
ENSG00000257270.1,RP11-521B24.5,antisense,0.18718661
ENSG00000265282.1,RP11-269G24.4,lincRNA,0.18693937
ENSG00000257588.1,RP11-469H8.6,antisense,0.1867478
ENSG00000259725.1,CTD-3032H12.1,lincRNA,0.18644252
ENSG00000281162.2,LINC01127,lincRNA,0.18629073
ENSG00000270103.3,RNU11,lincRNA,0.1858576
ENSG00000256151.1,RP11-76C10.5,lincRNA,0.18559429
ENSG00000274956.2,UG0898H09,lincRNA,0.1850959
ENSG00000253508.1,RP1-170O19.14,lincRNA,0.18467352
ENSG00000254343.2,RP11-760H22.2,lincRNA,0.1845588
ENSG00000267512.1,CTC-250I14.3,antisense,0.18389286
ENSG00000272053.1,RP11-367G6.3,lincRNA,0.18345273
ENSG00000265218.1,RP11-927P21.1,antisense,0.18255168
ENSG00000254369.6,HOXA-AS3,antisense,0.18249056
ENSG00000260265.1,RP11-44F21.5,lincRNA,0.18220305
ENSG00000272661.1,RP4-548D19.3,antisense,0.18220219
ENSG00000228288.6,PCAT6,antisense,0.18212055
ENSG00000266976.1,AC079466.1,lincRNA,0.18138456
ENSG00000255240.5,RP11-142C4.6,antisense,0.18122391
ENSG00000248408.1,RP11-452C8.1,lincRNA,0.18106921
ENSG00000273478.1,RP11-465N4.5,antisense,0.18098873
ENSG00000234678.1,RP11-465N4.4,antisense,0.18078667
ENSG00000267390.1,RP11-635N19.1,antisense,0.18002196
ENSG00000224189.6,HAGLR,antisense,0.17899053
ENSG00000254919.1,RP11-698N11.2,antisense,0.17856923
ENSG00000233627.2,C4A-AS1,antisense,0.1783564
ENSG00000267007.1,CTB-31O20.3,antisense,0.17824262
ENSG00000229380.1,AC147651.5,antisense,0.17800374
ENSG00000163364.9,LINC01116,lincRNA,0.17684306
ENSG00000224081.7,LINC01057,lincRNA,0.17650738
ENSG00000224848.1,RP11-535M15.1,lincRNA,0.17498691
ENSG00000259976.1,RP11-553L6.5,lincRNA,0.17455104
ENSG00000258754.7,LINC01579,lincRNA,0.17390597
ENSG00000261123.1,RP11-304L19.3,sense_intronic,0.17375399
ENSG00000258757.1,RP11-841O20.2,antisense,0.17345649
ENSG00000260025.1,RP11-490M8.1,lincRNA,0.17315908
ENSG00000261399.1,LA16c-329F2.1,antisense,0.1730308
ENSG00000261068.2,RP11-7K24.3,lincRNA,0.1723918
ENSG00000247993.2,FOXD1-AS1,lincRNA,0.17226313
ENSG00000262995.1,CTD-2194A8.2,antisense,0.17221004
ENSG00000248184.1,RP11-231C18.1,lincRNA,0.17099817
ENSG00000230838.1,AC093850.2,lincRNA,0.17048255
ENSG00000276269.1,RP11-403A3.2,lincRNA,0.16921945
ENSG00000269985.1,RP1-232P20.1,antisense,0.16825792
ENSG00000261189.1,RP3-512B11.3,antisense,0.16740383
ENSG00000180139.11,ACTA2-AS1,antisense,0.16678698
ENSG00000223808.1,RP11-428L9.2,lincRNA,0.1645749
ENSG00000225746.8,SNHG23,lincRNA,0.16343305
ENSG00000247134.6,RP11-11N9.4,lincRNA,0.16322751
ENSG00000264299.1,RP11-680F20.12,antisense,0.16320576
ENSG00000269194.1,AC006942.4,antisense,0.16237552
ENSG00000249599.1,BMPR1B-AS1,lincRNA,0.16108829
ENSG00000225342.2,AC079630.4,antisense,0.16070908
ENSG00000237807.3,RP11-400K9.4,lincRNA,0.16007642
ENSG00000267506.5,RP11-13K12.1,lincRNA,0.15975407
ENSG00000237512.6,UNC5B-AS1,antisense,0.15957205
ENSG00000214548.14,MEG3,lincRNA,0.1594868
ENSG00000280693.2,SH3PXD2A-AS1,antisense,0.15943941
ENSG00000182648.11,LINC01006,lincRNA,0.15897438
ENSG00000261061.1,RP11-303E16.2,sense_intronic,0.15881787
ENSG00000257337.6,RP11-983P16.4,antisense,0.15766747
ENSG00000223914.1,AC079630.2,lincRNA,0.15722759
ENSG00000273293.1,RP11-445N20.3,lincRNA,0.1570447
ENSG00000257151.1,PWAR6,lincRNA,0.15687077
ENSG00000225106.1,RP11-429E11.2,antisense,0.15530042
ENSG00000233695.2,GAS6-AS1,antisense,0.15495747
ENSG00000216921.7,AC131097.4,lincRNA,0.15465494
ENSG00000237978.5,KCNMB2-AS1,antisense,0.15438515
ENSG00000237989.1,AP001046.5,lincRNA,0.15438114
ENSG00000260807.6,RP11-161M6.2,lincRNA,0.15367468
ENSG00000243479.3,MNX1-AS1,lincRNA,0.15332314
ENSG00000226686.7,LINC01535,lincRNA,0.15058847
ENSG00000258377.1,RP11-649E7.5,antisense,0.15005851
ENSG00000253174.2,RP11-360L9.7,antisense,0.14977582
ENSG00000260892.1,CTD-2026K11.1,antisense,0.14976457
ENSG00000152931.7,PART1,lincRNA,0.14965343
ENSG00000275632.1,RP5-967N21.11,lincRNA,0.1484163
ENSG00000282024.1,RP3-467D16.3,antisense,0.14837857
ENSG00000267165.1,RP11-78A19.3,antisense,0.14753173
ENSG00000225937.1,PCA3,antisense,0.14740588
ENSG00000261175.5,CTD-2015G9.2,lincRNA,0.14667577
ENSG00000244968.6,LIFR-AS1,antisense,0.14604248
ENSG00000261353.1,CTA-14H9.5,lincRNA,0.14593458
ENSG00000272510.1,RP4-680D5.8,antisense,0.14499043
ENSG00000230082.1,PRRT3-AS1,antisense,0.14458783
ENSG00000254452.1,RP11-867G23.4,antisense,0.14445311
ENSG00000276445.1,LLNLR-268E12.1,lincRNA,0.14432684
ENSG00000244459.2,RP11-1398P2.1,lincRNA,0.14389685
ENSG00000250899.3,RP11-253E3.3,lincRNA,0.14335588
ENSG00000261685.2,RP11-401P9.4,lincRNA,0.14300777
ENSG00000278784.1,RP11-468E2.11,sense_intronic,0.142951
ENSG00000262766.1,RP11-196G11.4,sense_intronic,0.14280166
ENSG00000257764.2,RP11-1143G9.4,antisense,0.14250045
ENSG00000267815.1,CTB-191K22.5,antisense,0.14220773
ENSG00000269968.1,RP5-940J5.9,antisense,0.1415511
ENSG00000231106.2,LINC01436,lincRNA,0.14119464
ENSG00000197099.8,RP11-573D15.8,antisense,0.14114805
ENSG00000262714.1,RP11-44F14.8,lincRNA,0.14106223
ENSG00000259038.1,CTD-2325P2.4,antisense,0.14065789
ENSG00000271109.1,CTC-523E23.11,lincRNA,0.14058873
ENSG00000254389.3,RHPN1-AS1,antisense,0.14047799
ENSG00000227733.8,RP4-565E6.1,lincRNA,0.14042309
ENSG00000269933.1,RP3-333A15.2,sense_intronic,0.14034474
ENSG00000273132.1,RP11-350J20.12,antisense,0.14020686
ENSG00000272502.1,RP11-713M15.2,antisense,0.14007986
ENSG00000267322.2,SNHG22,antisense,0.13977739
ENSG00000269416.5,LINC01224,lincRNA,0.13967806
ENSG00000280800.1,CH507-513H4.6,lincRNA,0.1392348
ENSG00000227502.2,LINC01268,lincRNA,0.13887197
ENSG00000261824.6,LINC00662,lincRNA,0.13873902
ENSG00000267532.3,MIR497HG,antisense,0.13866735
ENSG00000256013.1,RP11-27M24.1,antisense,0.13853823
ENSG00000223956.1,RP4-710M16.2,lincRNA,0.13769089
ENSG00000254109.5,RBPMS-AS1,antisense,0.13652362
ENSG00000260329.1,RP11-412D9.4,antisense,0.13586946
ENSG00000233527.8,ZNF529-AS1,antisense,0.1350946
ENSG00000236028.1,RP11-323C15.2,lincRNA,0.13501622
ENSG00000265579.1,RP11-713C5.1,sense_intronic,0.13491732
ENSG00000238035.8,AC138035.2,lincRNA,0.13480805
ENSG00000272626.1,RP11-468N14.13,lincRNA,0.13468175
ENSG00000272913.1,RP11-440D17.3,lincRNA,0.13465925
ENSG00000269926.1,RP11-442H21.2,antisense,0.13463315
ENSG00000236939.2,BAALC-AS2,antisense,0.1343259
ENSG00000269918.1,AF131215.9,sense_intronic,0.13429214
ENSG00000268628.2,RP1-122P22.4,lincRNA,0.1342715
ENSG00000231295.1,RP4-797C5.2,antisense,0.13419168
ENSG00000249746.1,RP11-254I22.3,lincRNA,0.13415056
ENSG00000267547.1,RP11-686D22.4,lincRNA,0.13389905
ENSG00000231412.2,CTC-490G23.2,lincRNA,0.13322902
ENSG00000257607.1,RP11-449P15.1,antisense,0.13293691
ENSG00000255198.4,SNHG9,lincRNA,0.13243882
ENSG00000227640.2,SOX21-AS1,lincRNA,0.13243102
ENSG00000215067.9,ALOX12-AS1,antisense,0.13201153
ENSG00000269893.6,SNHG8,lincRNA,0.13187727
ENSG00000223960.6,AC009948.5,antisense,0.13098818
ENSG00000239467.5,AC007405.6,lincRNA,0.13095707
ENSG00000250786.1,SNHG18,lincRNA,0.13091938
ENSG00000267580.1,CTD-2540B15.11,antisense,0.13051702
ENSG00000255248.6,RP11-166D19.1,sense_overlapping,0.1300713
ENSG00000235387.1,LINC00961,lincRNA,0.12975253
ENSG00000249096.6,RP11-290F5.1,lincRNA,0.1296822
ENSG00000247844.1,CCAT1,lincRNA,0.12958252
ENSG00000240618.1,RP11-206L10.5,lincRNA,0.12957145
ENSG00000267484.1,CTC-518P12.6,antisense,0.12941994
ENSG00000255774.1,AP000439.3,lincRNA,0.12921329
ENSG00000269976.1,RP11-130L8.2,lincRNA,0.12882707
ENSG00000273373.1,RP5-1074L1.4,antisense,0.12878008
ENSG00000231806.2,PCAT7,antisense,0.12863041
ENSG00000268416.1,CTD-2626G11.2,lincRNA,0.12846616
ENSG00000260912.1,RP11-363E7.4,sense_overlapping,0.12835336
ENSG00000230724.9,LINC01001,lincRNA,0.12824014
ENSG00000250920.1,RP11-297P16.4,lincRNA,0.12769921
ENSG00000229776.1,C4B-AS1,antisense,0.12769835
ENSG00000177640.15,CASC2,antisense,0.12687011
ENSG00000242125.3,SNHG3,sense_intronic,0.12670375
ENSG00000236819.1,LINC01563,lincRNA,0.12603703
ENSG00000146521.9,LINC01558,lincRNA,0.12574558
ENSG00000231742.5,LINC01273,lincRNA,0.12529212
ENSG00000267469.1,AC005944.2,antisense,0.1243456
ENSG00000272556.1,RP11-638I8.1,lincRNA,0.12421333
ENSG00000267480.1,RP11-703I16.1,antisense,0.12414334
ENSG00000272899.2,RP11-309L24.4,lincRNA,0.12389936
ENSG00000259439.2,RP11-89K21.1,lincRNA,0.12383323
ENSG00000263893.2,CTD-3010D24.3,lincRNA,0.123415224
ENSG00000177822.7,AC108142.1,antisense,0.122626506
ENSG00000249007.1,RP11-510N19.5,sense_intronic,0.122582614
ENSG00000254815.5,RP11-496I9.1,antisense,0.12225813
ENSG00000233901.5,LINC01503,lincRNA,0.12224512
ENSG00000259354.5,RP11-519G16.3,antisense,0.12217197
ENSG00000255811.1,RP1-34M23.5,antisense,0.1221288
ENSG00000273179.1,RP11-20I20.4,antisense,0.1219362
ENSG00000236663.1,AP001631.9,antisense,0.12187755
ENSG00000258053.1,CTD-2021H9.3,lincRNA,0.12146737
ENSG00000258584.1,FAM181A-AS1,antisense,0.12146275
ENSG00000260401.1,RP11-800A3.4,sense_overlapping,0.12124089
ENSG00000250451.5,HOXC-AS1,antisense,0.12041616
ENSG00000261416.1,RP11-455F5.5,antisense,0.11995037
ENSG00000271380.1,RP11-307C12.12,antisense,0.119679846
ENSG00000238113.6,LINC01410,lincRNA,0.11967064
ENSG00000248019.2,FAM13A-AS1,antisense,0.11916132
ENSG00000258430.1,RP11-982M15.2,antisense,0.11851707
ENSG00000282221.1,RP11-27G14.4,antisense,0.11845498
ENSG00000225826.1,LINC00626,lincRNA,0.11786793
ENSG00000267328.1,AC002398.12,antisense,0.11744471
ENSG00000274029.1,RP11-340F14.6,lincRNA,0.11737716
ENSG00000264589.1,MAPT-AS1,antisense,0.11729655
ENSG00000250041.2,CTD-2003C8.2,lincRNA,0.1169153
ENSG00000239268.2,RP11-384F7.2,lincRNA,0.1167928
ENSG00000267058.1,RP11-15A1.3,lincRNA,0.11669303
ENSG00000253706.5,RP11-758M4.4,antisense,0.11668684
ENSG00000261327.4,RP11-863P13.3,lincRNA,0.11659396
ENSG00000267128.1,RP11-449J21.5,antisense,0.11592474
ENSG00000253161.5,LINC01605,lincRNA,0.11579901
ENSG00000177410.12,ZFAS1,antisense,0.11533346
ENSG00000268205.1,CTC-444N24.11,lincRNA,0.1146852
ENSG00000215808.2,LINC01139,lincRNA,0.11432047
ENSG00000272763.1,RP11-357H14.17,lincRNA,0.114209495
ENSG00000260735.1,RP11-72I8.1,antisense,0.11401367
ENSG00000244239.1,AC007009.1,antisense,0.11393553
ENSG00000227372.10,TP73-AS1,antisense,0.113833286
ENSG00000274415.1,RP11-433J22.2,antisense,0.11329534
ENSG00000180861.9,LINC01559,lincRNA,0.11271382
ENSG00000267259.1,CTD-2008P7.9,lincRNA,0.11269489
ENSG00000261087.1,KB-1460A1.5,lincRNA,0.11263835
ENSG00000235597.1,LINC01102,lincRNA,0.11196587
ENSG00000234936.1,AC010883.5,antisense,0.111893855
ENSG00000274605.1,RP11-12G12.7,lincRNA,0.11155164
ENSG00000224057.1,EGFR-AS1,antisense,0.111254945
ENSG00000231607.8,DLEU2,antisense,0.11120334
ENSG00000250742.1,RP11-834C11.4,lincRNA,0.11067984
ENSG00000255126.1,CTD-2531D15.5,antisense,0.11059104
ENSG00000254721.1,RP11-805J14.5,antisense,0.11050125
ENSG00000273420.1,CTD-2540B15.13,3prime_overlapping_ncrna,0.10988434
ENSG00000253948.1,RP11-410L14.2,lincRNA,0.10982719
ENSG00000272379.1,RP1-257A7.5,lincRNA,0.1095792
ENSG00000241158.5,ADAMTS9-AS1,antisense,0.1093331
ENSG00000245694.8,CRNDE,lincRNA,0.108442046
ENSG00000260884.1,AC009120.5,lincRNA,0.107919686
ENSG00000272666.1,CTA-384D8.35,lincRNA,0.107581906
ENSG00000228989.1,AC133528.2,antisense,0.106849894
ENSG00000271858.5,CYB561D2,antisense,0.10683425
ENSG00000198468.7,FLVCR1-AS1,lincRNA,0.106653154
ENSG00000267272.5,LINC01140,lincRNA,0.10640818
ENSG00000233718.5,MYCNOS,antisense,0.10629877
ENSG00000258910.2,RP11-19E11.1,lincRNA,0.106070064
ENSG00000255462.1,RP11-483L5.1,antisense,0.10590953
ENSG00000277147.4,LINC00869,lincRNA,0.10539997
ENSG00000207955.3,MIR219A2,lincRNA,0.10522206
ENSG00000224984.1,RP11-524H19.2,antisense,0.10521298
ENSG00000250328.5,MGC32805,antisense,0.10488682
ENSG00000260228.5,RP11-483P21.2,antisense,0.104721695
ENSG00000276980.1,CTD-3128G10.7,sense_intronic,0.10466179
ENSG00000237928.5,NFIA-AS2,antisense,0.104404695
ENSG00000254211.5,LINC01485,lincRNA,0.10424562
ENSG00000272990.1,RP11-305K5.1,antisense,0.10410144
ENSG00000229671.1,LINC01150,lincRNA,0.1040108
ENSG00000224032.6,EPB41L4A-AS1,lincRNA,0.10399726
ENSG00000260966.1,RP11-690D19.3,sense_overlapping,0.10392893
ENSG00000205106.4,DKFZp779M0652,lincRNA,0.10377029
ENSG00000244468.1,RP11-206M11.7,antisense,0.10374991
ENSG00000234883.3,MIR155HG,lincRNA,0.10363047
ENSG00000248996.1,RP11-1334A24.6,antisense,0.10356773
ENSG00000230424.1,RP1-43E13.2,antisense,0.10326734
ENSG00000259834.1,RP11-284N8.3,lincRNA,0.103197835
ENSG00000245812.2,RP11-175K6.1,lincRNA,0.103150755
ENSG00000229647.1,AC007879.7,lincRNA,0.10302863
ENSG00000276278.1,RP11-182J1.3,antisense,0.10290416
ENSG00000254139.1,CTD-2339F6.1,lincRNA,0.102808245
ENSG00000188242.4,PP7080,antisense,0.101532914
ENSG00000222033.1,LINC01124,lincRNA,0.10147305
ENSG00000267143.1,RP11-677O4.6,lincRNA,0.10141317
ENSG00000224093.5,RP5-1033H22.2,antisense,0.101248115
ENSG00000268069.2,RP5-1057I20.4,antisense,0.101068996
ENSG00000260704.1,LINC00543,lincRNA,0.10104488
ENSG00000267481.1,CTC-559E9.5,sense_intronic,0.100856856
ENSG00000246022.2,ALDH1L1-AS2,antisense,0.10070489
ENSG00000261269.1,RP11-389C8.2,sense_overlapping,0.099972375
ENSG00000267890.1,CTD-2126E3.4,lincRNA,0.09963337
ENSG00000246898.1,LINC00920,lincRNA,0.09905801
ENSG00000260260.1,SNHG19,lincRNA,0.09879464
ENSG00000236924.1,RP11-390F4.6,lincRNA,0.09843532
ENSG00000244649.4,CTD-2377D24.6,lincRNA,0.098400064
ENSG00000218537.1,MIF-AS1,antisense,0.09747249
ENSG00000229891.1,LINC01315,lincRNA,0.097280726
ENSG00000273759.1,RP4-563E14.1,lincRNA,0.097194925
ENSG00000263753.6,LINC00667,lincRNA,0.09691646
ENSG00000267313.6,KC6,lincRNA,0.096685074
ENSG00000100181.21,TPTEP1,lincRNA,0.09615617
ENSG00000281406.1,BLACAT1,lincRNA,0.09591293
ENSG00000267194.1,RP1-193H18.2,lincRNA,0.09557047
ENSG00000254928.1,RP11-702H23.6,antisense,0.09522269
ENSG00000260992.1,DOCK9-AS2,antisense,0.09517175
ENSG00000263874.1,LINC00672,lincRNA,0.09516323
ENSG00000233117.2,LINC00702,lincRNA,0.09514799
ENSG00000267013.5,CTD-2171N6.1,lincRNA,0.09457091
ENSG00000226137.5,BAIAP2-AS1,lincRNA,0.09453772
ENSG00000224652.1,LINC00885,lincRNA,0.09415379
ENSG00000244675.2,AC108676.1,sense_overlapping,0.09360899
ENSG00000259250.1,RP11-50C13.1,antisense,0.09339413
ENSG00000256234.1,RP11-283G6.4,antisense,0.09331729
ENSG00000269899.1,RP11-589N15.2,sense_intronic,0.09327356
ENSG00000272155.1,RP11-707M3.3,antisense,0.09298132
ENSG00000228221.5,LINC00578,lincRNA,0.0928764
ENSG00000272142.1,RP11-428J1.5,lincRNA,0.09283196
ENSG00000259345.5,RP11-624L4.1,lincRNA,0.092613496
ENSG00000259153.1,RP6-65G23.3,lincRNA,0.09231687
ENSG00000231971.5,RP11-557H15.3,lincRNA,0.09214719
ENSG00000227066.1,RP3-340N1.2,lincRNA,0.09180697
ENSG00000259248.5,USP3-AS1,antisense,0.09170306
ENSG00000262050.1,RP11-74E22.3,antisense,0.09142812
ENSG00000270607.1,RP11-359E10.1,lincRNA,0.09142589
ENSG00000275367.1,RP11-266K4.14,lincRNA,0.09117155
ENSG00000270179.1,RP11-159N11.4,sense_intronic,0.090896524
ENSG00000229852.2,RP11-398K22.12,antisense,0.09075441
ENSG00000234431.2,AC007283.5,3prime_overlapping_ncrna,0.09063948
ENSG00000259225.6,RP11-1008C21.1,lincRNA,0.09061642
ENSG00000266642.2,RP11-20B24.4,antisense,0.09060541
ENSG00000273084.1,RP11-1275H24.3,lincRNA,0.09043225
ENSG00000254607.2,RP11-115C10.1,antisense,0.09011355
ENSG00000230910.2,RP3-525N10.2,antisense,0.090057634
ENSG00000204860.4,FAM201A,antisense,0.08975083
ENSG00000265254.1,CTD-2350C19.2,antisense,0.08949702
ENSG00000254682.1,RP11-660L16.2,antisense,0.089115925
ENSG00000234949.2,AC104667.3,antisense,0.08894519
ENSG00000260442.5,ATP2A1-AS1,antisense,0.08881171
ENSG00000255310.2,AF131215.2,sense_intronic,0.088808306
ENSG00000265933.5,LINC00668,lincRNA,0.088407926
ENSG00000267454.5,ZNF582-AS1,lincRNA,0.08796707
ENSG00000255366.1,RP11-1134I14.8,lincRNA,0.0878587
ENSG00000276529.1,AP001505.10,lincRNA,0.087843865
ENSG00000268739.1,CTC-518B2.12,antisense,0.087799065
ENSG00000203706.8,SERTAD4-AS1,antisense,0.08762578
ENSG00000258791.7,LINC00520,lincRNA,0.08758094
ENSG00000269427.1,CTC-429P9.1,antisense,0.087402016
ENSG00000254142.2,RP11-53M11.3,lincRNA,0.08716597
ENSG00000261220.2,RP11-629O1.2,lincRNA,0.0869854
ENSG00000234155.1,RP11-30P6.6,lincRNA,0.0868651
ENSG00000237187.8,NR2F1-AS1,antisense,0.08670496
ENSG00000268203.1,CTD-2396E7.9,antisense,0.08663908
ENSG00000232677.6,LINC00665,lincRNA,0.08634629
ENSG00000280721.1,AC133644.2,lincRNA,0.08610346
ENSG00000226453.1,RP11-379B8.1,lincRNA,0.08608507
ENSG00000256806.3,C17orf100,lincRNA,0.08606288
ENSG00000254902.1,ANO1-AS1,antisense,0.08602065
ENSG00000278291.1,RP11-172H24.4,antisense,0.08602009
ENSG00000273585.1,RP11-14C10.5,lincRNA,0.085623436
ENSG00000267436.1,AC005786.7,antisense,0.085619874
ENSG00000204241.7,RP11-713P17.3,lincRNA,0.08558332
ENSG00000249684.5,RP11-423H2.3,antisense,0.08544667
ENSG00000234753.5,FOXP4-AS1,antisense,0.08536385
ENSG00000226644.5,RP11-128M1.1,lincRNA,0.08529241
ENSG00000256694.1,RP11-598F7.5,antisense,0.08495048
ENSG00000269930.1,RP11-932O9.9,lincRNA,0.08484008
ENSG00000268751.1,SCGB1B2P,lincRNA,0.08478154
ENSG00000228812.7,LAMA5-AS1,antisense,0.08459912
ENSG00000226332.2,RP11-157P1.4,antisense,0.08448695
ENSG00000278192.1,RP5-1056H1.2,lincRNA,0.084325865
ENSG00000272579.1,RP11-101E13.5,antisense,0.08420263
ENSG00000171889.3,MIR31HG,sense_overlapping,0.083978176
ENSG00000270640.1,RP11-373D23.2,sense_intronic,0.08393064
ENSG00000249430.1,CTD-2231H16.1,lincRNA,0.08378966
ENSG00000258399.6,MEG8,lincRNA,0.083498724
ENSG00000273361.1,RP11-378A13.2,antisense,0.08327542
ENSG00000261790.1,AC005606.14,lincRNA,0.083151914
ENSG00000269051.5,CTD-2245F17.3,lincRNA,0.083138585
ENSG00000272711.1,RP11-259N19.1,lincRNA,0.08272774
ENSG00000224843.6,LINC00240,lincRNA,0.0825785
ENSG00000254501.1,AP003068.9,antisense,0.08227478
ENSG00000250988.7,SNHG21,antisense,0.08225837
ENSG00000260018.1,RP11-505K9.1,antisense,0.08190569
ENSG00000269972.1,RP3-430N8.10,lincRNA,0.08184201
ENSG00000261512.2,RP11-46D6.1,lincRNA,0.081804454
ENSG00000272842.1,RP11-513M16.7,antisense,0.08161043
ENSG00000237883.1,DGUOK-AS1,antisense,0.0814866
ENSG00000225783.6,MIAT,lincRNA,0.08107749
ENSG00000120055.7,C10orf95,lincRNA,0.0810752
ENSG00000272638.1,GS1-114I9.1,antisense,0.08095391
ENSG00000226777.7,KIAA0125,lincRNA,0.08090578
ENSG00000236540.7,AC006547.13,antisense,0.08074804
ENSG00000226363.3,HAGLROS,lincRNA,0.0806456
ENSG00000186369.9,LINC00643,lincRNA,0.08054114
ENSG00000268191.1,CTD-2396E7.10,antisense,0.0805304
ENSG00000226403.1,RP11-31F19.1,sense_intronic,0.08041528
ENSG00000256916.1,RP11-817J15.2,antisense,0.080360875
ENSG00000259065.1,RP5-1021I20.1,antisense,0.08021157
ENSG00000254872.3,RP13-870H17.3,lincRNA,0.08001785
ENSG00000258708.1,SLC25A21-AS1,antisense,0.080013305
ENSG00000240541.2,TM4SF1-AS1,antisense,0.080007926
ENSG00000247317.3,RP11-273G15.2,lincRNA,0.07994784
ENSG00000273389.1,RP13-514E23.2,antisense,0.07980905
ENSG00000257027.1,RP11-705C15.3,sense_intronic,0.07961582
ENSG00000260963.1,RP11-297L17.2,lincRNA,0.07959664
ENSG00000259457.1,RP11-279F6.2,lincRNA,0.07943547
ENSG00000276131.1,RP11-481J2.3,antisense,0.079003796
ENSG00000268120.1,CTD-3193O13.11,lincRNA,0.07876622
ENSG00000233098.8,CCDC144NL-AS1,antisense,0.0787236
ENSG00000264558.1,RP11-138C9.1,antisense,0.078466155
ENSG00000277013.1,CTC-526N19.1,lincRNA,0.078449935
ENSG00000248323.5,LUCAT1,lincRNA,0.078360595
ENSG00000277299.1,RP11-837J7.4,antisense,0.0782954
ENSG00000267107.6,PCAT19,lincRNA,0.07826026
ENSG00000206417.8,H1FX-AS1,antisense,0.07816436
ENSG00000267519.3,CTD-3252C9.4,lincRNA,0.07792217
ENSG00000244541.5,LINC01213,lincRNA,0.07790401
ENSG00000263424.1,CTD-2541J13.2,antisense,0.077730976
ENSG00000229056.2,AC020571.3,antisense,0.07768236
ENSG00000153363.12,LINC00467,lincRNA,0.07762677
ENSG00000228434.1,AC004951.6,lincRNA,0.07759631
ENSG00000261801.5,LOXL1-AS1,antisense,0.07737457
ENSG00000223414.2,LINC00473,lincRNA,0.07733748
ENSG00000248538.6,RP11-10A14.5,lincRNA,0.0770828
ENSG00000233532.5,LINC00460,lincRNA,0.07689745
ENSG00000244041.7,LINC01011,lincRNA,0.076796144
ENSG00000260693.1,AC026150.8,lincRNA,0.076637894
ENSG00000226328.6,NUP50-AS1,lincRNA,0.076484226
ENSG00000260804.3,PKI55,lincRNA,0.07636946
ENSG00000204876.4,AC021218.2,lincRNA,0.076328285
ENSG00000280145.3,CH507-154B10.1,lincRNA,0.07631974
ENSG00000267278.5,MAP3K14-AS1,antisense,0.076155625
ENSG00000251301.6,RP11-81H14.2,lincRNA,0.07614756
ENSG00000229953.1,RP11-284F21.7,antisense,0.076128356
ENSG00000203711.11,C6orf99,lincRNA,0.07604017
ENSG00000273261.1,RP11-531F16.4,antisense,0.07591268
ENSG00000184809.12,B3GALT5-AS1,antisense,0.07590609
ENSG00000230733.2,AC092171.4,lincRNA,0.07580056
ENSG00000243960.1,RP11-552M11.4,sense_overlapping,0.07572799
ENSG00000254967.6,RP11-680F20.6,antisense,0.07563941
ENSG00000228274.3,RP3-508I15.9,antisense,0.07562699
ENSG00000234546.2,RP3-510D11.2,lincRNA,0.075552344
ENSG00000267421.6,AC005498.3,lincRNA,0.07550759
ENSG00000281404.1,LINC01176,lincRNA,0.075418524
ENSG00000187185.4,CTD-2600O9.1,lincRNA,0.07537775
ENSG00000256164.1,CCND2-AS1,antisense,0.0752525
ENSG00000174171.5,RP11-23P13.6,antisense,0.0744106
ENSG00000245213.6,RP11-10K16.1,antisense,0.07429974
ENSG00000259363.5,CTD-2054N24.2,lincRNA,0.07406392
ENSG00000257718.1,RP11-396F22.1,antisense,0.07331088
ENSG00000260244.1,RP11-588K22.2,sense_overlapping,0.07311997
ENSG00000267530.2,AC006273.5,lincRNA,0.07284097
ENSG00000282164.1,RP11-570L14.2,sense_intronic,0.07239817
ENSG00000233610.1,LINC00462,lincRNA,0.07209871
ENSG00000233175.2,CTD-2020K17.3,antisense,0.07193984
ENSG00000229108.1,MEOX2-AS1,lincRNA,0.071738794
ENSG00000233725.7,LINC00284,lincRNA,0.07157344
ENSG00000278642.1,RP11-159D12.11,lincRNA,0.07155595
ENSG00000269825.1,CTD-3099C6.9,sense_intronic,0.071255215
ENSG00000234773.6,CTD-2666L21.1,lincRNA,0.07121941
ENSG00000244558.5,KCNK15-AS1,antisense,0.07088397
ENSG00000278238.1,RP11-245D16.4,lincRNA,0.07059522
ENSG00000273313.1,RBAKDN,lincRNA,0.070576146
ENSG00000246763.6,RGMB-AS1,antisense,0.0704983
ENSG00000271936.1,RP11-443B20.1,antisense,0.07049816
ENSG00000230177.1,RP5-1112D6.4,antisense,0.07047071
ENSG00000233593.6,RP4-665J23.1,lincRNA,0.0704659
ENSG00000274422.1,LL22NC03-2H8.5,lincRNA,0.07043211
ENSG00000235288.3,RP11-70C1.3,antisense,0.07025571
ENSG00000233483.2,CTD-2020K17.4,antisense,0.06992072
ENSG00000259925.1,CTA-363E6.2,lincRNA,0.06986654
ENSG00000227544.8,AC018647.3,lincRNA,0.06966936
ENSG00000255455.2,RP11-890B15.3,lincRNA,0.069585755
ENSG00000263244.2,RP11-473I1.9,3prime_overlapping_ncrna,0.069438025
ENSG00000262413.1,RP11-498C9.3,antisense,0.06940964
ENSG00000276855.1,CTD-3157E16.2,lincRNA,0.069183655
ENSG00000213963.6,AC074286.1,sense_overlapping,0.06913066
ENSG00000261474.1,RP11-452L6.1,lincRNA,0.06898341
ENSG00000267254.5,ZNF790-AS1,antisense,0.06890744
ENSG00000228748.2,RP13-39P12.3,antisense,0.068718694
ENSG00000282012.1,LL22NC03-N95F10.1,lincRNA,0.06868165
ENSG00000261105.5,LMO7-AS1,antisense,0.06867957
ENSG00000272106.1,RP11-345P4.9,antisense,0.068579696
ENSG00000253764.1,RP11-439C15.4,lincRNA,0.06853594
ENSG00000233429.9,HOTAIRM1,antisense,0.068429135
ENSG00000232679.1,RP11-400N13.3,lincRNA,0.068330266
ENSG00000281453.1,TGFB2-OT1,3prime_overlapping_ncrna,0.068224624
ENSG00000242147.1,RP13-463N16.6,lincRNA,0.06819287
ENSG00000249307.5,LINC01088,antisense,0.06818423
ENSG00000257698.1,RP11-620J15.3,lincRNA,0.06806356
ENSG00000259772.6,RP11-16E12.2,lincRNA,0.06794406
ENSG00000235899.1,LINC01564,antisense,0.067890204
ENSG00000178803.10,ADORA2A-AS1,antisense,0.06787917
ENSG00000227906.7,SNAP25-AS1,antisense,0.06781658
ENSG00000273355.1,RP11-672L10.6,lincRNA,0.067697346
ENSG00000260372.6,AQP4-AS1,antisense,0.0673462
ENSG00000235373.1,RP11-206L10.3,lincRNA,0.06728142
ENSG00000254615.2,RP11-395G23.3,lincRNA,0.06716408
ENSG00000270866.1,RP11-706J10.2,lincRNA,0.067136966
ENSG00000263812.5,LINC00908,lincRNA,0.06703481
ENSG00000269936.3,RP11-394O4.5,lincRNA,0.0669245
ENSG00000267575.6,CTC-459F4.3,lincRNA,0.06689634
ENSG00000235123.5,DSCAM-AS1,antisense,0.06682893
ENSG00000260997.1,RP4-647J21.1,sense_overlapping,0.066707954
ENSG00000250682.5,LINC00491,lincRNA,0.06630615
ENSG00000270412.1,RP11-92C4.6,antisense,0.06630226
ENSG00000182912.6,TSPEAR-AS2,antisense,0.06612033
ENSG00000272512.1,RP11-54O7.17,lincRNA,0.06604198
ENSG00000225313.5,RP11-415J8.3,antisense,0.06599722
ENSG00000182165.17,TP53TG1,lincRNA,0.06593232
ENSG00000260261.1,RP11-480A16.1,lincRNA,0.06586545
ENSG00000272695.1,GAS6-AS2,lincRNA,0.06585092
ENSG00000258867.5,LINC01146,lincRNA,0.06572842
ENSG00000224397.5,LINC01272,lincRNA,0.06563064
ENSG00000235033.7,RP11-61I13.3,antisense,0.065617606
ENSG00000253408.5,RP11-231D20.2,antisense,0.065580085
ENSG00000271824.1,AC009014.3,lincRNA,0.06551888
ENSG00000257702.3,LBX2-AS1,antisense,0.06543047
ENSG00000242686.4,RP11-1191J2.2,antisense,0.065360494
ENSG00000258512.1,LINC00239,lincRNA,0.06533793
ENSG00000248663.6,LINC00992,lincRNA,0.06533331
ENSG00000233930.3,KRTAP5-AS1,antisense,0.0649448
ENSG00000260630.6,SNAI3-AS1,antisense,0.06460028
ENSG00000267791.1,CTD-2659N19.2,antisense,0.064470075
ENSG00000268307.1,CTD-2619J13.13,lincRNA,0.064443395
ENSG00000219410.5,RP4-761J14.8,antisense,0.06441855
ENSG00000262580.5,RP11-334C17.5,antisense,0.0644178
ENSG00000231890.7,DARS-AS1,antisense,0.06430577
ENSG00000272138.1,LINC01607,lincRNA,0.06400461
ENSG00000232527.7,RP11-14N7.2,lincRNA,0.06393439
ENSG00000235706.7,DICER1-AS1,antisense,0.06361541
ENSG00000254024.1,KB-1562D12.1,antisense,0.06349638
ENSG00000256128.5,LINC00944,lincRNA,0.06346644
ENSG00000268262.1,CTC-246B18.8,sense_overlapping,0.06340418
ENSG00000237094.11,RP4-669L17.10,lincRNA,0.06339961
ENSG00000249628.2,LINC00942,lincRNA,0.06271276
ENSG00000259865.1,RP11-488L18.10,lincRNA,0.06254194
ENSG00000275857.1,AC009133.21,antisense,0.06250264
ENSG00000177738.3,CTD-2201E18.3,sense_overlapping,0.062409457
ENSG00000275216.1,RP11-54H7.4,lincRNA,0.062295318
ENSG00000248309.5,MEF2C-AS1,antisense,0.062275596
ENSG00000271787.1,RP11-254F7.3,antisense,0.061834574
ENSG00000204380.4,AC005042.4,antisense,0.06158857
ENSG00000245552.6,RP11-712B9.2,antisense,0.061525397
ENSG00000258955.1,LINC00519,lincRNA,0.061489288
ENSG00000246100.3,LINC00900,lincRNA,0.061394263
ENSG00000206532.2,RP11-553A10.1,lincRNA,0.06137051
ENSG00000259291.2,RP11-617F23.1,antisense,0.061330296
ENSG00000263429.3,LINC00675,lincRNA,0.06098644
ENSG00000228798.1,AP000473.5,lincRNA,0.060948305
ENSG00000231107.1,LINC01508,lincRNA,0.06091656
ENSG00000262772.1,RP11-353N14.2,lincRNA,0.060849942
ENSG00000253669.3,KB-1732A1.1,lincRNA,0.06083332
ENSG00000271781.1,CTD-2589H19.6,antisense,0.060716588
ENSG00000274002.1,RP11-66N24.6,lincRNA,0.060714934
ENSG00000238164.6,RP3-395M20.8,antisense,0.060699422
ENSG00000250615.1,CTC-564N23.2,antisense,0.05999215
ENSG00000232229.5,LINC00865,lincRNA,0.059780937
ENSG00000253701.2,AL928768.3,lincRNA,0.059701808
ENSG00000273061.1,CDC37L1-AS1,lincRNA,0.059693065
ENSG00000254337.1,RP11-865I6.2,lincRNA,0.05966908
ENSG00000253645.1,CTD-2544N14.3,antisense,0.05918668
ENSG00000266402.3,SNHG25,lincRNA,0.05918218
ENSG00000223652.2,AC106786.1,antisense,0.0588665
ENSG00000267279.1,RP11-879F14.2,lincRNA,0.05872229
ENSG00000231721.6,LINC-PINT,antisense,0.05859397
ENSG00000253445.1,CTB-79E8.2,antisense,0.05840794
ENSG00000248161.5,RP11-499E18.1,lincRNA,0.05840241
ENSG00000237886.1,LINC01573,antisense,0.058288757
ENSG00000237686.6,RP5-1120P11.1,antisense,0.058161132
ENSG00000204802.3,RP11-111F5.4,lincRNA,0.057961736
ENSG00000234380.1,LINC01426,antisense,0.057959773
ENSG00000231768.1,LINC01354,lincRNA,0.0577721
ENSG00000241990.5,PRR34-AS1,antisense,0.057699952
ENSG00000278071.1,RP11-736N17.10,lincRNA,0.05756688
ENSG00000266835.5,GAPLINC,lincRNA,0.05756268
ENSG00000262823.1,RP13-580F15.2,antisense,0.05739563
ENSG00000175147.11,TMEM51-AS1,antisense,0.05727516
ENSG00000253661.1,ZFHX4-AS1,antisense,0.057125848
ENSG00000231327.1,AC016700.5,lincRNA,0.057123747
ENSG00000230091.6,TMEM254-AS1,antisense,0.056965645
ENSG00000230615.6,RP5-1198O20.4,lincRNA,0.05660368
ENSG00000274370.1,AC144831.3,lincRNA,0.056586843
ENSG00000249816.6,LINC00964,lincRNA,0.056454092
ENSG00000270074.1,RP11-351I21.11,lincRNA,0.056427356
ENSG00000234072.1,AC074117.10,antisense,0.056334723
ENSG00000224805.2,LINC00853,antisense,0.056328923
ENSG00000273058.2,RP11-385F5.5,antisense,0.056325562
ENSG00000228623.3,ZNF883,lincRNA,0.05627116
ENSG00000238057.8,ZEB2-AS1,antisense,0.05622779
ENSG00000253549.5,CA3-AS1,antisense,0.05591818
ENSG00000276851.1,RP5-875H18.9,lincRNA,0.0558653
ENSG00000233621.1,LINC01137,antisense,0.05569879
ENSG00000229481.2,CTD-2554C21.3,lincRNA,0.05560857
ENSG00000272644.1,RP11-33O4.1,lincRNA,0.055483125
ENSG00000227051.5,C14orf132,lincRNA,0.055396065
ENSG00000272622.1,RP11-395N3.2,lincRNA,0.05534192
ENSG00000204832.9,ST8SIA6-AS1,antisense,0.05529323
ENSG00000267265.5,CTC-550B14.7,antisense,0.055215437
ENSG00000249669.7,MIR143HG,lincRNA,0.05521516
ENSG00000261604.1,CTD-2636A23.2,antisense,0.055213876
ENSG00000262477.1,AC021224.1,lincRNA,0.055153143
ENSG00000272720.1,CTA-228A9.3,lincRNA,0.05513491
ENSG00000214194.8,LINC00998,lincRNA,0.0549634
ENSG00000243888.1,RP11-548B3.3,3prime_overlapping_ncrna,0.05495952
ENSG00000272079.2,LA16c-380H5.5,lincRNA,0.054891974
ENSG00000261762.1,RP11-650L12.2,antisense,0.054859787
ENSG00000225490.1,RP4-610C12.3,lincRNA,0.05480981
ENSG00000260404.2,RP11-384K6.6,lincRNA,0.054782964
ENSG00000272645.2,RP11-504P24.8,lincRNA,0.05478084
ENSG00000229155.1,RP11-528A4.2,lincRNA,0.054757122
ENSG00000237975.6,FLG-AS1,antisense,0.054744888
ENSG00000275854.1,RP11-278C7.5,sense_intronic,0.054655194
ENSG00000260917.1,RP11-57H14.4,sense_overlapping,0.054577865
ENSG00000270933.1,CTD-2227E11.1,lincRNA,0.054539386
ENSG00000270028.1,RP11-380L11.4,antisense,0.05438229
ENSG00000272599.2,RP11-152N13.16,antisense,0.054352317
ENSG00000264575.1,LINC00526,lincRNA,0.05434098
ENSG00000260877.1,RP11-211G23.2,lincRNA,0.054272275
ENSG00000259583.2,RP11-66B24.4,antisense,0.054101642
ENSG00000254837.2,AP001372.2,lincRNA,0.054078057
ENSG00000245937.7,LINC01184,lincRNA,0.054043826
ENSG00000273335.1,RP11-61L19.2,lincRNA,0.053994447
ENSG00000272933.1,RP11-47A8.5,lincRNA,0.053968336
ENSG00000249859.7,PVT1,lincRNA,0.05394423
ENSG00000255026.1,RP11-326C3.2,antisense,0.053921692
ENSG00000227782.2,CTC-529I10.2,antisense,0.05379659
ENSG00000236318.1,AC019117.1,lincRNA,0.053716388
ENSG00000255007.1,CTD-2589M5.4,antisense,0.053569485
ENSG00000235501.5,RP4-639F20.1,antisense,0.05352178
ENSG00000226312.7,CFLAR-AS1,antisense,0.05349857
ENSG00000166770.10,ZNF667-AS1,lincRNA,0.05339537
ENSG00000255471.1,RP11-736K20.5,antisense,0.05327912
ENSG00000261063.1,RP11-538I12.2,antisense,0.05321092
ENSG00000179859.7,AC025335.1,antisense,0.053125024
ENSG00000197301.7,RP11-366L20.2,antisense,0.052860484
ENSG00000255224.1,CTD-3065J16.9,antisense,0.052860096
ENSG00000272338.2,RP11-722E23.2,lincRNA,0.052601226
ENSG00000249001.5,RP11-742B18.1,antisense,0.05257572
ENSG00000170846.15,AC093323.3,lincRNA,0.052571323
ENSG00000260778.3,RP11-304L19.13,lincRNA,0.052310787
ENSG00000266872.1,RP11-19P22.8,antisense,0.05209941
ENSG00000265369.3,PCAT18,lincRNA,0.052092228
ENSG00000272523.1,LINC01023,lincRNA,0.051903613
ENSG00000253574.5,RP11-284H18.1,antisense,0.05183584
ENSG00000215190.8,LINC00680,lincRNA,0.051783912
ENSG00000228265.5,RALY-AS1,lincRNA,0.051671676
ENSG00000256268.1,RP11-221N13.3,lincRNA,0.051658582
ENSG00000265688.1,MAFG-AS1,antisense,0.051655892
ENSG00000253414.2,RP11-150O12.6,sense_intronic,0.05138983
ENSG00000261159.1,RP11-723O4.9,lincRNA,0.05138422
ENSG00000273036.2,FAM95C,lincRNA,0.051206343
ENSG00000228408.5,RP1-111D6.3,lincRNA,0.05105836
ENSG00000235884.3,LINC00941,lincRNA,0.050851688
ENSG00000256039.1,RP11-291B21.2,lincRNA,0.05070177
ENSG00000261326.2,LINC01355,lincRNA,0.050636962
ENSG00000254835.1,RNF185-AS1,antisense,0.050634433
ENSG00000273117.1,AC144652.1,lincRNA,0.050614856
ENSG00000270953.1,RP11-2E11.9,antisense,0.050592367
ENSG00000267383.6,CTC-260E6.6,antisense,0.05056946
ENSG00000272688.1,RP13-270P17.3,lincRNA,0.050483633
ENSG00000188185.11,LINC00265,lincRNA,0.050374854
ENSG00000270605.1,RP5-1092A3.4,antisense,0.050313305
ENSG00000254665.1,RP11-152H18.3,antisense,0.050124746
ENSG00000269970.1,RP11-498E2.9,sense_intronic,0.049960453
ENSG00000248429.5,RP11-597D13.9,antisense,0.04989545
ENSG00000261759.1,RP11-626G11.3,antisense,0.04988497
ENSG00000204934.10,ATP6V0E2-AS1,antisense,0.049882915
ENSG00000274312.1,RP11-167B3.2,lincRNA,0.04963243
ENSG00000212766.9,EWSAT1,lincRNA,0.04950369
ENSG00000260136.5,CTD-2270L9.4,lincRNA,0.049496546
ENSG00000277496.1,RP11-93B14.9,antisense,0.04948955
ENSG00000267327.1,CTD-2008L17.1,lincRNA,0.04942705
ENSG00000241224.6,FLJ22763,lincRNA,0.04935681
ENSG00000225472.1,RP11-120J1.1,antisense,0.049348988
ENSG00000253210.1,RP11-809O17.1,antisense,0.04927114
ENSG00000258752.1,RP11-356K23.1,antisense,0.049246654
ENSG00000234076.1,TPRG1-AS1,lincRNA,0.04911774
ENSG00000228192.7,RP11-342M1.3,antisense,0.049100924
ENSG00000254988.1,CTD-2547H18.1,antisense,0.049081624
ENSG00000236200.5,KDM4A-AS1,antisense,0.049059454
ENSG00000258647.5,LINC00930,lincRNA,0.04894384
ENSG00000229153.5,EPHA1-AS1,antisense,0.048895977
ENSG00000262294.1,RP11-1260E13.2,antisense,0.04881337
ENSG00000224568.1,AC096669.3,lincRNA,0.048758473
ENSG00000277200.1,RP11-74E22.8,lincRNA,0.04872004
ENSG00000244491.1,RP3-508I15.18,antisense,0.048681017
ENSG00000270055.1,CTD-3092A11.2,sense_intronic,0.048653312
ENSG00000225889.7,AC074289.1,antisense,0.04863167
ENSG00000270001.1,RP11-218C14.8,lincRNA,0.048464503
ENSG00000249971.1,RP11-256P1.1,antisense,0.048450947
ENSG00000272182.1,RP11-802O23.3,antisense,0.048400547
ENSG00000267344.1,CTB-39G8.3,antisense,0.04839267
ENSG00000259087.5,RP11-356O9.2,lincRNA,0.048277266
ENSG00000223969.5,AC002456.2,antisense,0.04822933
ENSG00000278621.1,CTD-2033D15.3,antisense,0.04821068
ENSG00000229729.6,RP11-159G9.5,lincRNA,0.048200168
ENSG00000272384.1,RP11-44N11.2,lincRNA,0.047962733
ENSG00000248015.6,AC005329.7,antisense,0.047837906
ENSG00000257660.5,RP11-579D7.4,lincRNA,0.047661033
ENSG00000270659.1,RP11-105N14.1,lincRNA,0.047557015
ENSG00000205861.11,C1QTNF9B-AS1,antisense,0.04746993
ENSG00000267904.1,CTC-429P9.5,sense_intronic,0.047406483
ENSG00000272323.1,CTD-2517O10.6,antisense,0.047401063
ENSG00000223797.5,ENTPD3-AS1,antisense,0.04727044
ENSG00000253196.1,RP11-706C16.7,antisense,0.047243785
ENSG00000241684.5,ADAMTS9-AS2,antisense,0.04722368
ENSG00000237643.1,RP11-462G2.1,lincRNA,0.04720599
ENSG00000275964.1,RP11-61K9.3,lincRNA,0.046922226
ENSG00000255517.6,CTD-3074O7.5,antisense,0.046838585
ENSG00000234694.1,RP1-92O14.3,antisense,0.046830114
ENSG00000273305.1,RP11-440D17.4,lincRNA,0.04680761
ENSG00000235280.2,MCF2L-AS1,antisense,0.046619456
ENSG00000173727.11,CMB9-22P13.1,lincRNA,0.046554822
ENSG00000280832.1,ST3GAL4-AS1,antisense,0.046500888
ENSG00000275874.1,LINC00162,lincRNA,0.046283692
ENSG00000269951.1,RP11-797A18.6,sense_intronic,0.046172246
ENSG00000272620.1,AFAP1-AS1,antisense,0.04613401
ENSG00000278921.2,EPB41L4A-AS2,lincRNA,0.0461299
ENSG00000247516.4,MIR4458HG,lincRNA,0.04612031
ENSG00000260246.1,AC000032.2,antisense,0.046092764
ENSG00000242516.1,LINC00960,lincRNA,0.046055567
ENSG00000260528.3,FAM157C,lincRNA,0.04592921
ENSG00000267296.2,CEBPA-AS1,antisense,0.045894057
ENSG00000250073.2,RP11-677M14.3,antisense,0.045773327
ENSG00000273014.1,RP11-225B17.2,lincRNA,0.0457501
ENSG00000278035.1,RP11-234K24.6,lincRNA,0.045655444
ENSG00000256969.1,RP11-320N7.2,lincRNA,0.045617964
ENSG00000226067.6,LINC00623,lincRNA,0.04549196
ENSG00000271869.1,RP11-51J9.5,lincRNA,0.045394003
ENSG00000261822.1,RP11-265N6.2,antisense,0.045392748
ENSG00000238279.1,BX470102.3,antisense,0.04520397
ENSG00000267364.1,RP11-47L3.1,lincRNA,0.045181155
ENSG00000212694.8,LINC01089,lincRNA,0.04517795
ENSG00000270100.1,RP11-130L8.1,lincRNA,0.045132183
ENSG00000255031.5,RP11-802E16.3,antisense,0.04512038
ENSG00000280798.1,LINC00294,lincRNA,0.044827044
ENSG00000237819.5,AC002454.1,antisense,0.044745967
ENSG00000236404.8,VLDLR-AS1,antisense,0.044672057
ENSG00000270820.5,RP11-355B11.2,antisense,0.044626657
ENSG00000196167.9,COLCA1,antisense,0.044613425
ENSG00000272669.1,RP3-508I15.21,antisense,0.044560377
ENSG00000229124.6,VIM-AS1,antisense,0.044536322
ENSG00000236283.3,AC013463.2,antisense,0.044423778
ENSG00000225792.1,AC004540.4,antisense,0.044213563
ENSG00000241657.1,TRBV11-2,lincRNA,0.04421266
ENSG00000239911.2,PRKAG2-AS1,antisense,0.04409427
ENSG00000236723.2,RP5-1024G6.2,antisense,0.0439896
ENSG00000267583.5,RP11-322E11.5,lincRNA,0.043977965
ENSG00000272821.1,CTA-384D8.36,antisense,0.043811448
ENSG00000263986.1,RP11-746M1.1,antisense,0.04373115
ENSG00000205791.3,LOH12CR2,lincRNA,0.04364752
ENSG00000232415.1,CTB-51J22.1,antisense,0.043604884
ENSG00000272870.1,RP11-798M19.6,antisense,0.043488532
ENSG00000272264.1,RP11-92K15.3,lincRNA,0.043443725
ENSG00000255443.1,RP1-68D18.4,antisense,0.04334411
ENSG00000242759.6,LINC00882,lincRNA,0.04331553
ENSG00000269937.1,RP11-20I23.8,antisense,0.043113198
ENSG00000254635.5,WAC-AS1,antisense,0.043089334
ENSG00000227946.1,AC007383.3,lincRNA,0.043058086
ENSG00000170919.15,TPT1-AS1,antisense,0.043001775
ENSG00000261786.1,RP4-555D20.2,lincRNA,0.042921152
ENSG00000233078.1,RP11-5P18.5,antisense,0.042881615
ENSG00000272368.2,RP4-605O3.4,antisense,0.042813677
ENSG00000276842.1,RP11-713N11.6,antisense,0.042765383
ENSG00000232956.8,SNHG15,lincRNA,0.04262236
ENSG00000245571.6,AP001258.4,lincRNA,0.04261393
ENSG00000272872.1,LL22NC03-N14H11.1,sense_intronic,0.042372946
ENSG00000265787.1,CYP4F35P,lincRNA,0.0423191
ENSG00000239523.5,MYLK-AS1,antisense,0.042233407
ENSG00000259357.2,RP11-316M1.12,antisense,0.042220056
ENSG00000227456.7,LINC00310,lincRNA,0.04221314
ENSG00000260570.1,RP11-24N18.1,antisense,0.042195965
ENSG00000277559.1,RP11-434E6.4,lincRNA,0.042174924
ENSG00000276216.1,CH17-373J23.1,lincRNA,0.042110357
ENSG00000248092.7,NNT-AS1,antisense,0.04206048
ENSG00000223891.5,OSER1-AS1,lincRNA,0.042040456
ENSG00000272168.5,CASC15,lincRNA,0.041994724
ENSG00000281501.1,SEPSECS-AS1,antisense,0.041985635
ENSG00000227751.1,RP1-20B21.4,antisense,0.041972358
ENSG00000205622.9,AF064858.6,lincRNA,0.041971073
ENSG00000231817.7,LINC01198,lincRNA,0.04193651
ENSG00000248360.7,LINC00504,lincRNA,0.04179726
ENSG00000237463.5,RP11-280O1.2,antisense,0.041796453
ENSG00000251637.6,RP11-119D9.1,lincRNA,0.041719828
ENSG00000231889.7,TRAF3IP2-AS1,antisense,0.041689336
ENSG00000248008.2,NRAV,antisense,0.041657526
ENSG00000242086.8,LINC00969,lincRNA,0.0415304
ENSG00000253616.5,RP11-875O11.3,antisense,0.041488957
ENSG00000204261.8,PSMB8-AS1,lincRNA,0.04140666
ENSG00000250303.3,RP11-356J5.12,lincRNA,0.041385483
ENSG00000225205.5,AC093818.1,antisense,0.041238245
ENSG00000268220.1,RP11-379K17.12,antisense,0.041224707
ENSG00000250802.6,ZBED3-AS1,antisense,0.041199427
ENSG00000262877.4,RP11-1055B8.4,lincRNA,0.04110126
ENSG00000278058.1,RP11-70D24.2,lincRNA,0.040927082
ENSG00000267317.2,CTB-25B13.12,antisense,0.04088257
ENSG00000206567.9,AC022007.5,lincRNA,0.04079561
ENSG00000257453.1,RP11-290L1.3,antisense,0.040765595
ENSG00000225986.1,UBXN10-AS1,antisense,0.040733602
ENSG00000235823.1,OLMALINC,lincRNA,0.04069859
ENSG00000263335.1,AF001548.5,antisense,0.040488735
ENSG00000226833.5,AC097724.3,antisense,0.040451247
ENSG00000265415.1,CTD-2510F5.4,antisense,0.040252462
ENSG00000225285.1,RP4-758J18.10,lincRNA,0.040200338
ENSG00000275496.4,CH507-24F1.2,lincRNA,0.040176727
ENSG00000251095.6,RP11-115D19.1,antisense,0.040159795
ENSG00000265474.1,AC010761.9,antisense,0.040079325
ENSG00000273001.1,RP11-118K6.3,lincRNA,0.039878987
ENSG00000232756.1,RP5-1185I7.1,antisense,0.03987887
ENSG00000270006.2,RP11-178L8.7,antisense,0.03986672
ENSG00000270039.1,RP11-571M6.17,lincRNA,0.039834656
ENSG00000228951.1,RP11-336A10.4,lincRNA,0.039739616
ENSG00000257653.1,RP11-579D7.2,antisense,0.039738327
ENSG00000223839.7,FAM95B1,lincRNA,0.039631575
ENSG00000261888.1,AC144831.1,lincRNA,0.039600026
ENSG00000229619.3,MBNL1-AS1,antisense,0.039536744
ENSG00000247828.7,TMEM161B-AS1,antisense,0.03950879
ENSG00000233223.2,AC113189.5,antisense,0.039473232
ENSG00000224945.1,RP11-82L18.2,sense_intronic,0.0394054
ENSG00000247903.1,RP11-421F16.3,antisense,0.0393512
ENSG00000196951.10,SCOC-AS1,antisense,0.039338212
ENSG00000237517.8,DGCR5,antisense,0.03905925
ENSG00000223478.1,RP11-545E17.3,antisense,0.039056573
ENSG00000235200.1,RP4-763G1.2,lincRNA,0.038951878
ENSG00000227039.6,ITGB2-AS1,antisense,0.038927533
ENSG00000237949.1,LINC00844,lincRNA,0.038879167
ENSG00000248932.5,RP11-319G6.1,antisense,0.038833287
ENSG00000266970.1,RP11-806H10.4,lincRNA,0.038822543
ENSG00000270066.3,SCARNA2,lincRNA,0.038723603
ENSG00000231367.5,AC016995.3,lincRNA,0.038707733
ENSG00000260135.6,RP11-212I21.2,lincRNA,0.03868382
ENSG00000227695.5,DNMBP-AS1,antisense,0.03851554
ENSG00000276075.1,CTD-2012K14.8,antisense,0.03838416
ENSG00000255201.1,RP11-350N15.4,antisense,0.038348168
ENSG00000254873.1,RP11-770J1.5,antisense,0.038333625
ENSG00000229152.2,ANKRD10-IT1,sense_intronic,0.03829984
ENSG00000259172.1,RP11-299G20.2,antisense,0.03822724
ENSG00000225855.6,RUSC1-AS1,antisense,0.038210068
ENSG00000250320.5,CTD-2269F5.1,antisense,0.038159344
ENSG00000213373.7,LINC00671,lincRNA,0.038132057
ENSG00000260941.1,LINC00622,sense_overlapping,0.03812562
ENSG00000235531.9,MSC-AS1,antisense,0.03801536
ENSG00000272114.1,RP1-261G23.7,antisense,0.03800823
ENSG00000273576.1,RP11-390P24.1,lincRNA,0.03791494
ENSG00000260077.1,RP11-254F7.2,lincRNA,0.037866414
ENSG00000237940.3,AC093642.3,lincRNA,0.037834067
ENSG00000245164.6,LINC00861,lincRNA,0.0378097
ENSG00000215458.8,AATBC,antisense,0.037694704
ENSG00000258749.1,RP11-688G15.3,antisense,0.037648182
ENSG00000237797.1,RP11-472N13.3,lincRNA,0.03763165
ENSG00000257553.1,RP11-603J24.17,antisense,0.037534572
ENSG00000227053.1,RP11-395B7.4,antisense,0.037507813
ENSG00000206337.10,HCP5,sense_overlapping,0.037375793
ENSG00000136315.4,RP11-84C10.2,lincRNA,0.03736946
ENSG00000250222.1,CTC-338M12.5,antisense,0.037201174
ENSG00000248690.6,HAS2-AS1,antisense,0.037189584
ENSG00000266729.5,DSG1-AS1,antisense,0.037088297
ENSG00000225969.1,ABHD11-AS1,antisense,0.03708257
ENSG00000261799.1,RP11-283I3.6,sense_overlapping,0.037011124
ENSG00000230955.1,RP11-109P14.10,antisense,0.03701056
ENSG00000261496.1,RP13-514E23.1,sense_overlapping,0.036960267
ENSG00000260853.1,RP11-264B17.2,antisense,0.036941435
ENSG00000274383.1,CTD-2017F17.2,antisense,0.036921233
ENSG00000269887.1,RP11-477H21.2,sense_intronic,0.03688182
ENSG00000240859.1,AC093627.10,lincRNA,0.03673383
ENSG00000232807.2,RP11-536K7.3,antisense,0.036712445
ENSG00000223482.7,NUTM2A-AS1,antisense,0.036712207
ENSG00000280026.1,AC005618.8,antisense,0.03666792
ENSG00000267640.5,CTD-2554C21.2,lincRNA,0.036575925
ENSG00000273151.1,RP11-449P15.2,antisense,0.03656176
ENSG00000273272.1,CTA-384D8.34,lincRNA,0.03653759
ENSG00000275393.1,RP11-568J23.8,sense_intronic,0.036500588
ENSG00000280809.2,LINC00836,lincRNA,0.03634757
ENSG00000260923.5,AC137934.1,lincRNA,0.03633456
ENSG00000267520.2,RP11-373L24.1,3prime_overlapping_ncrna,0.036306974
ENSG00000266916.5,ZNF793-AS1,antisense,0.036289822
ENSG00000261526.2,CTB-31O20.2,lincRNA,0.03624686
ENSG00000218510.5,LINC00339,lincRNA,0.03613512
ENSG00000226251.5,RP11-15I11.3,lincRNA,0.036131766
ENSG00000275494.1,RP11-266L9.8,sense_intronic,0.036097933
ENSG00000260686.1,CTB-36H16.2,sense_overlapping,0.036084775
ENSG00000224243.1,LINC00403,lincRNA,0.03607347
ENSG00000225194.2,LINC00092,lincRNA,0.03603906
ENSG00000267121.5,CTD-2020K17.1,antisense,0.0359942
ENSG00000224165.5,DNAJC27-AS1,antisense,0.03593427
ENSG00000237424.1,FOXD2-AS1,antisense,0.03583468
ENSG00000272468.1,RP1-86C11.7,lincRNA,0.035831373
ENSG00000260943.1,RP11-476D10.1,lincRNA,0.0358245
ENSG00000228065.10,LINC01515,lincRNA,0.035628684
ENSG00000226051.6,ZNF503-AS1,lincRNA,0.03554406
ENSG00000267034.1,RP11-384O8.1,lincRNA,0.03538726
ENSG00000240207.6,RP11-379F4.4,antisense,0.035277642
ENSG00000238142.1,RP11-108M9.4,lincRNA,0.03526252
ENSG00000251615.3,RP11-774O3.3,lincRNA,0.035238132
ENSG00000266088.5,RP5-1028K7.2,lincRNA,0.035215095
ENSG00000272173.1,U47924.31,antisense,0.035211563
ENSG00000270504.1,RP11-420L9.5,antisense,0.035191216
ENSG00000272087.1,RP11-379F4.7,lincRNA,0.035185277
ENSG00000261434.1,CTD-2083E4.7,sense_overlapping,0.035149086
ENSG00000232638.1,RP11-379F12.4,lincRNA,0.03514567
ENSG00000272894.5,RP5-1159O4.1,lincRNA,0.035060816
ENSG00000269439.5,CTD-3131K8.2,lincRNA,0.03504721
ENSG00000274213.1,RP11-670E13.6,lincRNA,0.03501179
ENSG00000251331.6,RP11-689K5.3,lincRNA,0.034949597
ENSG00000267280.5,TBX2-AS1,antisense,0.034894828
ENSG00000271133.5,CTA-293F17.1,antisense,0.034886125
ENSG00000271737.1,CTB-113I20.2,lincRNA,0.03485472
ENSG00000274020.1,LINC01138,lincRNA,0.034850437
ENSG00000245573.7,BDNF-AS,antisense,0.03477934
ENSG00000272993.1,RP11-196G18.24,lincRNA,0.034721125
ENSG00000270460.1,RP11-796E10.1,lincRNA,0.03466412
ENSG00000235947.1,EGOT,lincRNA,0.034616955
ENSG00000259485.1,CTD-2147F2.1,lincRNA,0.034561235
ENSG00000261578.1,RP11-21L23.2,sense_overlapping,0.034517176
ENSG00000235314.1,LINC00957,lincRNA,0.034482006
ENSG00000261716.1,RP11-196G18.22,sense_overlapping,0.034461893
ENSG00000255629.1,RP11-196H14.3,antisense,0.03434308
ENSG00000240875.5,LINC00886,lincRNA,0.03429554
ENSG00000231920.1,NEBL-AS1,antisense,0.034225896
ENSG00000233016.6,SNHG7,antisense,0.03422216
ENSG00000239445.5,ST3GAL6-AS1,antisense,0.03421855
ENSG00000255284.1,AP006621.5,lincRNA,0.03419576
ENSG00000267302.5,RP11-178C3.2,lincRNA,0.03409721
ENSG00000271367.1,RP3-483K16.4,lincRNA,0.0340688
ENSG00000272667.1,RP11-395A13.2,lincRNA,0.03404196
ENSG00000271270.5,TMCC1-AS1,antisense,0.03400124
ENSG00000233255.1,AC019181.2,antisense,0.033982653
ENSG00000273226.1,RP11-513M16.8,antisense,0.03392372
ENSG00000215866.7,LINC01356,lincRNA,0.033899747
ENSG00000228113.7,AC003991.3,antisense,0.033851124
ENSG00000249166.1,RP11-1C1.6,lincRNA,0.033820305
ENSG00000247271.6,ZBED5-AS1,antisense,0.033760168
ENSG00000257167.2,TMPO-AS1,antisense,0.033758
ENSG00000255020.1,AF131216.5,antisense,0.033693902
ENSG00000270015.1,RP11-540B6.6,sense_intronic,0.0336775
ENSG00000267633.1,CTB-5E10.3,antisense,0.03365686
ENSG00000235091.1,WI2-85898F10.1,lincRNA,0.033542663
ENSG00000259049.1,RP11-589M4.1,antisense,0.033540234
ENSG00000281332.1,LINC00997,lincRNA,0.03342725
ENSG00000258199.1,RP11-977G19.5,sense_overlapping,0.033269823
ENSG00000272341.1,RP1-151F17.2,lincRNA,0.033130363
ENSG00000226386.1,PARD3-AS1,antisense,0.033121016
ENSG00000227218.7,RP11-203J24.8,antisense,0.033073522
ENSG00000273489.1,RP11-180C16.1,antisense,0.03293337
ENSG00000272405.1,RP11-284F21.10,antisense,0.03289794
ENSG00000182873.5,RP11-181G12.2,antisense,0.03278011
ENSG00000227117.6,HORMAD2-AS1,antisense,0.032660853
ENSG00000248441.6,LINC01197,lincRNA,0.032630578
ENSG00000273445.1,RP11-1399P15.1,antisense,0.032397177
ENSG00000214870.8,AC004540.5,lincRNA,0.032319568
ENSG00000234961.1,RP11-124N14.3,antisense,0.0321742
ENSG00000267576.1,CTC-510F12.6,sense_intronic,0.03212577
ENSG00000246067.7,RAB30-AS1,lincRNA,0.03211916
ENSG00000227418.6,PCGEM1,lincRNA,0.032031424
ENSG00000132204.13,LINC00470,lincRNA,0.032020755
ENSG00000251321.1,PCAT4,lincRNA,0.03198573
ENSG00000274630.1,RP11-229E13.4,antisense,0.03198151
ENSG00000235298.1,RP11-575L7.8,antisense,0.031880893
ENSG00000185168.5,LINC00482,lincRNA,0.031804547
ENSG00000219545.9,UMAD1,antisense,0.031800956
ENSG00000273204.1,RP4-549L20.3,antisense,0.031761073
ENSG00000247982.6,LINC00926,lincRNA,0.031715948
ENSG00000275620.1,FLJ16779,antisense,0.03168024
ENSG00000227070.1,RP11-191G24.1,antisense,0.031660464
ENSG00000243762.1,AC006547.8,antisense,0.031652022
ENSG00000215386.10,MIR99AHG,lincRNA,0.03165174
ENSG00000273032.1,DGCR9,lincRNA,0.03162695
ENSG00000259459.5,RP11-321G12.1,lincRNA,0.031604033
ENSG00000267405.1,CTC-296K1.4,lincRNA,0.031600863
ENSG00000230234.1,RP1-276N6.2,lincRNA,0.031559233
ENSG00000274712.1,RP11-147L13.15,lincRNA,0.03148657
ENSG00000258763.5,RP11-110A12.2,antisense,0.031479657
ENSG00000235092.5,ID2-AS1,antisense,0.031446386
ENSG00000255145.2,STX17-AS1,antisense,0.03142242
ENSG00000275888.1,RP13-516M14.10,antisense,0.031267494
ENSG00000272931.1,RP5-943J3.2,lincRNA,0.031247925
ENSG00000255650.5,FAM222A-AS1,antisense,0.031008983
ENSG00000277701.4,RP11-734K23.9,lincRNA,0.030942684
ENSG00000272221.1,XXbac-BPG181B23.7,lincRNA,0.030815203
ENSG00000277978.1,RP11-403P17.6,antisense,0.030805804
ENSG00000256751.5,PLBD1-AS1,antisense,0.03070513
ENSG00000248587.6,GDNF-AS1,lincRNA,0.030672371
ENSG00000236144.6,TMEM147-AS1,antisense,0.030611962
ENSG00000274964.1,RP11-817I4.1,sense_intronic,0.030604327
ENSG00000230387.2,RP4-737E23.2,lincRNA,0.030598776
ENSG00000277639.1,RP11-295M3.4,lincRNA,0.030428547
ENSG00000272273.1,XXbac-BPG252P9.10,antisense,0.030410707
ENSG00000260766.1,RP11-226L15.5,sense_overlapping,0.030349609
ENSG00000228705.1,LINC00659,antisense,0.030302027
ENSG00000263165.1,RP11-810M2.2,antisense,0.030249497
ENSG00000270419.1,CAHM,lincRNA,0.030202784
ENSG00000233968.6,RP11-354E11.2,antisense,0.030153977
ENSG00000232386.9,RP11-66B24.2,lincRNA,0.030147964
ENSG00000272841.1,RP3-428L16.2,antisense,0.030047348
ENSG00000238005.2,RP11-443B7.1,lincRNA,0.029987186
ENSG00000236859.6,NIFK-AS1,antisense,0.029958373
ENSG00000276026.1,RP4-545L17.11,antisense,0.029938681
ENSG00000259417.2,LINC01314,lincRNA,0.02988839
ENSG00000258314.3,CTD-2314B22.1,lincRNA,0.029877836
ENSG00000265263.1,RP11-135L13.4,antisense,0.029786328
ENSG00000277067.4,CH507-254M2.1,lincRNA,0.029725563
ENSG00000251432.6,RP11-420A23.1,lincRNA,0.029722929
ENSG00000246090.6,RP11-696N14.1,antisense,0.029700609
ENSG00000231528.2,FAM225A,lincRNA,0.02960603
ENSG00000267270.5,PARD6G-AS1,antisense,0.029568823
ENSG00000229043.2,AC091729.9,antisense,0.029567484
ENSG00000267886.1,CTD-2291D10.4,lincRNA,0.029567003
ENSG00000275185.1,RP13-753N3.3,antisense,0.029508656
ENSG00000215241.3,RP11-266K4.9,lincRNA,0.029500308
ENSG00000263873.1,RP11-334E6.12,sense_intronic,0.029469281
ENSG00000254416.5,RP11-347E10.1,lincRNA,0.029464236
ENSG00000223534.1,HLA-DQB1-AS1,antisense,0.029452963
ENSG00000275180.1,RP11-631N16.4,lincRNA,0.029328983
ENSG00000272760.1,RP11-5C23.1,antisense,0.02921802
ENSG00000227258.5,SMIM2-AS1,antisense,0.029143266
ENSG00000266869.1,RP6-114E22.1,lincRNA,0.02910696
ENSG00000272172.1,RP13-582O9.7,antisense,0.029012382
ENSG00000240401.8,AC012358.8,antisense,0.028968647
ENSG00000223764.2,RP11-54O7.3,lincRNA,0.028910685
ENSG00000278834.1,RP11-458J1.1,antisense,0.028888041
ENSG00000262686.1,GLIS2-AS1,lincRNA,0.028762763
ENSG00000225706.1,PTPRD-AS1,lincRNA,0.028762387
ENSG00000259460.1,RP11-128A17.1,antisense,0.028748808
ENSG00000259802.1,CTD-2256P15.2,antisense,0.028730595
ENSG00000267896.1,AC018766.4,antisense,0.028709784
ENSG00000186019.10,AC084219.4,antisense,0.028648097
ENSG00000170161.6,RP11-262H14.4,lincRNA,0.028614452
ENSG00000261455.1,LINC01003,lincRNA,0.028543362
ENSG00000245556.2,SCAMP1-AS1,lincRNA,0.028505523
ENSG00000251141.5,RP11-53O19.1,antisense,0.028491147
ENSG00000250564.1,RP11-215P8.4,lincRNA,0.028487908
ENSG00000225361.3,PPP1R26-AS1,antisense,0.0284081
ENSG00000214401.4,KANSL1-AS1,antisense,0.028367983
ENSG00000230438.6,SERPINB9P1,lincRNA,0.028366301
ENSG00000277782.1,RP11-775C24.5,lincRNA,0.028305903
ENSG00000262001.1,DLGAP1-AS2,antisense,0.028213497
ENSG00000256894.1,RP11-283G6.3,antisense,0.028181965
ENSG00000253888.1,RP11-521M14.1,antisense,0.028140444
ENSG00000259342.1,RP11-519G16.5,antisense,0.02800118
ENSG00000261600.1,RP11-575H3.1,lincRNA,0.027793812
ENSG00000260918.1,RP11-731J8.2,sense_overlapping,0.027784387
ENSG00000257556.1,RP11-44N21.1,lincRNA,0.027774878
ENSG00000154537.4,FAM27C,lincRNA,0.027751375
ENSG00000263400.6,TMEM220-AS1,antisense,0.027749293
ENSG00000260091.1,RP11-33B1.4,lincRNA,0.02768436
ENSG00000247095.2,MIR210HG,lincRNA,0.027679568
ENSG00000273466.1,RP11-548H3.1,antisense,0.027667617
ENSG00000265519.1,CTD-3157E16.1,lincRNA,0.02759028
ENSG00000224616.1,RTCA-AS1,antisense,0.027464567
ENSG00000278175.2,GLIDR,lincRNA,0.027454976
ENSG00000268621.5,AC006262.5,lincRNA,0.027370363
ENSG00000274561.1,RP11-147L13.12,lincRNA,0.027339574
ENSG00000265246.1,RP11-663N22.1,lincRNA,0.027319385
ENSG00000268650.3,AC068499.10,antisense,0.027311012
ENSG00000226939.1,AC062021.1,lincRNA,0.027304579
ENSG00000231187.2,RP11-38L15.3,antisense,0.027303651
ENSG00000278231.1,RP5-906C1.1,lincRNA,0.027283572
ENSG00000270761.1,RP11-385F7.1,lincRNA,0.0272648
ENSG00000255686.1,RP11-227B21.2,lincRNA,0.027255867
ENSG00000273221.1,RP5-1180E21.5,antisense,0.027209679
ENSG00000260317.1,RP11-48B3.4,lincRNA,0.027170664
ENSG00000224167.1,RP3-522D1.1,lincRNA,0.027113108
ENSG00000228106.5,RP11-452F19.3,lincRNA,0.027071204
ENSG00000237499.6,RP11-356I2.4,antisense,0.027053868
ENSG00000278133.1,RP11-196G11.5,sense_intronic,0.027050992
ENSG00000203644.3,RP11-332M2.1,sense_intronic,0.027000481
ENSG00000225377.5,NRSN2-AS1,antisense,0.026978878
ENSG00000226738.1,CTA-384D8.31,antisense,0.026936756
ENSG00000232533.1,AC093673.5,antisense,0.026901618
ENSG00000256569.1,RP11-173P15.5,antisense,0.02679593
ENSG00000248890.1,HHIP-AS1,antisense,0.026745576
ENSG00000273472.1,RP11-102N12.3,lincRNA,0.026692772
ENSG00000240731.1,RP5-890O3.9,sense_intronic,0.02669031
ENSG00000116883.8,RP11-268J15.5,antisense,0.026681472
ENSG00000250432.5,RP11-834C11.5,lincRNA,0.026584482
ENSG00000228952.1,RP11-567G11.1,lincRNA,0.026571397
ENSG00000167912.5,RP11-25K19.1,antisense,0.026564093
ENSG00000231683.6,RP1-27K12.2,lincRNA,0.026517935
ENSG00000231312.6,AC007246.3,antisense,0.026473496
ENSG00000268941.2,RP5-907D15.4,lincRNA,0.026435064
ENSG00000234184.5,RP5-887A10.1,lincRNA,0.026417617
ENSG00000242861.1,RP11-285F7.2,antisense,0.026402282
ENSG00000256124.5,LINC01152,lincRNA,0.026193019
ENSG00000231999.6,FLJ27354,antisense,0.026095087
ENSG00000246695.7,RASSF8-AS1,antisense,0.025931604
ENSG00000237343.1,RP11-763B22.4,lincRNA,0.02591386
ENSG00000280279.1,RP11-1228E12.1,lincRNA,0.025822068
ENSG00000260231.1,JHDM1D-AS1,antisense,0.025778165
ENSG00000226465.1,RP13-401N8.1,antisense,0.025688568
ENSG00000268204.1,CTD-3214H19.6,antisense,0.025624495
ENSG00000261662.1,RP5-1042I8.7,sense_overlapping,0.025595175
ENSG00000261534.1,RP11-244O19.1,sense_overlapping,0.025582414
ENSG00000243701.5,LINC00883,lincRNA,0.02556545
ENSG00000257303.1,RP11-977G19.11,antisense,0.025551794
ENSG00000253982.1,CTD-2336O2.1,antisense,0.02552573
ENSG00000236039.1,AC019117.2,lincRNA,0.025523579
ENSG00000235106.8,LINC00094,antisense,0.025499055
ENSG00000224272.2,AC114730.3,antisense,0.02546327
ENSG00000268858.2,RP4-591C20.9,antisense,0.025438221
ENSG00000237181.1,AC147651.4,antisense,0.02542116
ENSG00000263164.1,RP11-333E1.2,lincRNA,0.025412478
ENSG00000267523.1,CTD-2537I9.12,antisense,0.0253846
ENSG00000231609.5,AC009501.4,antisense,0.025368067
ENSG00000263004.1,RP11-166P13.3,lincRNA,0.025353564
ENSG00000257261.5,RP11-96H19.1,lincRNA,0.025333883
ENSG00000196810.4,CTBP1-AS2,antisense,0.025268419
ENSG00000238266.1,LINC00707,lincRNA,0.025227863
ENSG00000250056.5,LINC01018,lincRNA,0.025108058
ENSG00000218357.3,LL22NC03-75H12.2,lincRNA,0.025085233
ENSG00000258985.1,RP11-368P15.3,antisense,0.025002925
ENSG00000204623.8,ZNRD1-AS1,antisense,0.024990067
ENSG00000262089.1,RP11-589P10.5,lincRNA,0.02497892
ENSG00000261586.2,RP11-923I11.6,lincRNA,0.024783708
ENSG00000226007.2,RP11-211N8.2,lincRNA,0.024751969
ENSG00000278626.1,RP11-467L19.16,lincRNA,0.02466574
ENSG00000223799.1,IL10RB-AS1,antisense,0.024584899
ENSG00000177406.4,RP11-218M22.1,antisense,0.024520269
ENSG00000203497.2,PDCD4-AS1,antisense,0.024421606
ENSG00000263011.1,RP11-473M20.11,sense_overlapping,0.02438725
ENSG00000271780.1,RP11-1017G21.5,lincRNA,0.024300236
ENSG00000267892.1,CTD-2540F13.2,antisense,0.02425196
ENSG00000225127.2,LINC00237,lincRNA,0.024246596
ENSG00000259623.1,RP11-156E6.1,sense_overlapping,0.024238763
ENSG00000272970.1,RP11-329B9.4,lincRNA,0.024210991
ENSG00000230316.6,FEZF1-AS1,antisense,0.024135167
ENSG00000268496.1,CTD-2587H19.2,sense_intronic,0.024072248
ENSG00000229116.2,RP11-20J15.3,lincRNA,0.024069116
ENSG00000182109.7,RP11-69E11.4,antisense,0.024038494
ENSG00000253522.3,CTC-231O11.1,lincRNA,0.023945738
ENSG00000278730.1,RP11-147L13.11,lincRNA,0.023928983
ENSG00000256092.2,RP13-942N8.1,lincRNA,0.02386444
ENSG00000225434.2,LINC01504,lincRNA,0.02385159
ENSG00000268996.3,MAN1B1-AS1,antisense,0.023810372
ENSG00000254166.1,CASC19,lincRNA,0.023786752
ENSG00000242539.2,AC007620.3,antisense,0.023716474
ENSG00000260740.2,AC026471.6,antisense,0.023711195
ENSG00000272755.1,RP11-326G21.1,lincRNA,0.023589903
ENSG00000267045.1,AC006126.4,lincRNA,0.023578515
ENSG00000255571.6,LINC00925,lincRNA,0.023559999
ENSG00000226711.6,FAM66C,antisense,0.02354832
ENSG00000268006.1,PTOV1-AS1,antisense,0.023480535
ENSG00000228742.9,RP5-884M6.1,lincRNA,0.023451854
ENSG00000255191.1,RP11-626H12.1,lincRNA,0.023436056
ENSG00000253930.1,RP11-1149O23.2,antisense,0.023415273
ENSG00000230812.5,LINC01358,lincRNA,0.023385402
ENSG00000269246.1,CTC-246B18.10,lincRNA,0.023363242
ENSG00000267605.5,CTD-3220F14.1,lincRNA,0.023324342
ENSG00000232931.5,LINC00342,lincRNA,0.02329023
ENSG00000214725.7,CDIPT-AS1,antisense,0.023256315
ENSG00000257883.1,RP11-497G19.1,lincRNA,0.023223873
ENSG00000269867.1,CTD-2583A14.8,sense_intronic,0.023223266
ENSG00000254680.1,RP11-265D17.2,antisense,0.023139521
ENSG00000279047.3,CTC-270D5.1,antisense,0.023128906
ENSG00000258929.6,RP11-58E21.3,lincRNA,0.023081971
ENSG00000272941.1,RP11-134L10.1,antisense,0.023045134
ENSG00000276144.1,ABC12-49244600F4.4,lincRNA,0.023013737
ENSG00000269176.2,RP11-727F15.12,antisense,0.022969969
ENSG00000249306.5,LINC01411,lincRNA,0.022967955
ENSG00000237476.1,XXbac-B135H6.15,lincRNA,0.02291518
ENSG00000273344.1,PAXIP1-AS1,lincRNA,0.022913799
ENSG00000260219.2,RP11-347C12.10,lincRNA,0.022911279
ENSG00000259366.1,CTD-2647L4.4,sense_intronic,0.02287594
ENSG00000276718.1,RP1-102E24.10,antisense,0.022834655
ENSG00000281468.1,CTC-459F4.9,sense_intronic,0.02280448
ENSG00000244701.1,RP5-894A10.2,antisense,0.022803336
ENSG00000246089.3,RP11-115C21.2,antisense,0.02278446
ENSG00000232973.11,CYP1B1-AS1,antisense,0.022777919
ENSG00000257654.1,RP11-497G19.2,lincRNA,0.022750381
ENSG00000261760.6,RP11-1223D19.1,lincRNA,0.02274915
ENSG00000236740.6,RP11-411K7.1,lincRNA,0.022635337
ENSG00000276107.1,CTD-2033D15.2,sense_intronic,0.022562176
ENSG00000268403.2,CTD-2371O3.3,antisense,0.02255891
ENSG00000258920.1,FOXN3-AS1,antisense,0.02250343
ENSG00000177788.5,RP5-1061H20.4,lincRNA,0.022388449
ENSG00000272864.1,RP11-17E13.2,lincRNA,0.022296553
ENSG00000260708.1,CTA-29F11.1,antisense,0.022183375
ENSG00000241764.3,AC002467.7,antisense,0.022154598
ENSG00000233271.1,RP11-12C17.2,antisense,0.022143293
ENSG00000231770.5,TMEM44-AS1,antisense,0.022099532
ENSG00000258949.1,RP11-857B24.5,antisense,0.022048797
ENSG00000255468.6,RP11-867G23.8,antisense,0.0220151
ENSG00000259775.1,RP11-45P15.4,antisense,0.021931635
ENSG00000259943.1,RP1-39G22.7,antisense,0.021815747
ENSG00000254101.5,RP11-30J20.1,lincRNA,0.021743761
ENSG00000262188.1,RP11-353N14.4,lincRNA,0.021724317
ENSG00000256271.1,CACNA1C-AS2,antisense,0.021710778
ENSG00000277268.1,RP11-445F12.1,antisense,0.021704083
ENSG00000225518.2,RP11-396C23.2,lincRNA,0.021664793
ENSG00000229047.1,AF127577.10,antisense,0.021639673
ENSG00000278932.3,bP-21264C1.2,lincRNA,0.021614686
ENSG00000224958.5,PGM5-AS1,antisense,0.0215733
ENSG00000237310.1,GS1-124K5.4,lincRNA,0.021565875
ENSG00000269145.2,AC007192.6,antisense,0.021518212
ENSG00000256262.1,USP30-AS1,antisense,0.021515446
ENSG00000224559.2,LINC01087,lincRNA,0.021463275
ENSG00000272068.1,RP11-284F21.9,lincRNA,0.021463033
ENSG00000261971.6,MMP25-AS1,antisense,0.02145647
ENSG00000225733.5,FGD5-AS1,antisense,0.02139203
ENSG00000254485.5,RP11-380O24.1,antisense,0.021391219
ENSG00000267014.5,LINC01532,lincRNA,0.02133851
ENSG00000188511.12,C22orf34,lincRNA,0.021241065
ENSG00000231150.5,RP1-207H1.3,antisense,0.021175213
ENSG00000224023.10,FLJ37035,lincRNA,0.021172388
ENSG00000259607.1,CTD-2647L4.5,antisense,0.02111899
ENSG00000278996.1,CH507-513H4.1,lincRNA,0.021087341
ENSG00000188206.6,HNRNPU-AS1,antisense,0.02107079
ENSG00000257434.1,RP11-81K13.1,antisense,0.021022543
ENSG00000228709.1,AP001065.15,lincRNA,0.020969791
ENSG00000272449.1,RP3-395M20.12,lincRNA,0.02095385
ENSG00000231439.4,WASIR2,lincRNA,0.020934477
ENSG00000228701.1,TNKS2-AS1,antisense,0.020932727
ENSG00000276649.1,RP5-858L17.1,antisense,0.020845408
ENSG00000261520.5,DLGAP1-AS5,antisense,0.020688329
ENSG00000225511.6,LINC00475,lincRNA,0.020682026
ENSG00000228775.7,WEE2-AS1,antisense,0.020677997
ENSG00000234665.8,RP11-262H14.3,lincRNA,0.020668184
ENSG00000278266.1,RP11-575F12.3,lincRNA,0.020634227
ENSG00000261572.1,RP11-384L8.1,sense_intronic,0.02062141
ENSG00000235453.7,TOPORS-AS1,antisense,0.020617224
ENSG00000270157.1,RP5-894A10.6,sense_intronic,0.020499839
ENSG00000259627.1,RP11-244F12.2,antisense,0.020480368
ENSG00000268049.1,CTD-2619J13.9,antisense,0.020430604
ENSG00000262920.5,RP11-1260E13.1,antisense,0.020360222
ENSG00000225177.5,RP11-390P2.4,antisense,0.020354496
ENSG00000246228.6,CASC8,antisense,0.020322742
ENSG00000271420.1,RP5-1057J7.7,lincRNA,0.02024406
ENSG00000274849.1,RP11-49I11.4,sense_intronic,0.02020121
ENSG00000272343.1,RP11-140I16.3,lincRNA,0.020192645
ENSG00000231864.2,RP11-229P13.23,antisense,0.020173745
ENSG00000253978.1,CTB-178M22.2,antisense,0.02012828
ENSG00000265962.1,GACAT2,antisense,0.020082839
ENSG00000225489.6,RP11-390F4.3,lincRNA,0.020060599
ENSG00000268565.1,AC005339.2,antisense,0.020035174
ENSG00000246174.7,KCTD21-AS1,antisense,0.020025374
ENSG00000244349.1,HCG16,antisense,0.019954966
ENSG00000263970.1,RP11-789C17.5,antisense,0.019953059
ENSG00000259985.1,RP11-549B18.1,antisense,0.019917699
ENSG00000238018.2,AC093110.3,antisense,0.01976121
ENSG00000251661.3,RP11-326C3.11,antisense,0.019745184
ENSG00000226496.2,LINC00323,antisense,0.019740457
ENSG00000253746.1,RP11-527N22.2,lincRNA,0.019680228
ENSG00000233013.8,FAM157B,lincRNA,0.01962277
ENSG00000225756.1,DBH-AS1,antisense,0.019589465
ENSG00000226752.7,PSMD5-AS1,antisense,0.019542638
ENSG00000253738.1,OTUD6B-AS1,antisense,0.019490525
ENSG00000254489.1,RP5-1024C24.1,antisense,0.019490495
ENSG00000246731.2,MGC16275,antisense,0.019422846
ENSG00000247400.3,DNAJC3-AS1,lincRNA,0.019421805
ENSG00000268895.5,A1BG-AS1,antisense,0.019370511
ENSG00000260772.1,RP11-311C24.1,3prime_overlapping_ncrna,0.019365212
ENSG00000274333.4,RP11-717F1.2,lincRNA,0.019352024
ENSG00000244219.6,GS1-259H13.2,lincRNA,0.019346338
ENSG00000270132.1,WISP1-OT1,sense_intronic,0.019321736
ENSG00000277247.1,RP11-785D18.3,antisense,0.01927252
ENSG00000273456.1,RP11-686O6.2,lincRNA,0.01927105
ENSG00000260793.2,RP5-882C2.2,antisense,0.019245436
ENSG00000232774.7,FLJ22447,lincRNA,0.019238533
ENSG00000254829.1,RP11-7I15.3,antisense,0.019228477
ENSG00000272335.1,RP11-53O19.3,lincRNA,0.019226972
ENSG00000230487.7,PSMG3-AS1,lincRNA,0.019210398
ENSG00000261488.1,RP11-757F18.5,antisense,0.019203715
ENSG00000255100.1,RP11-21L23.3,antisense,0.019202963
ENSG00000273186.1,RP11-339B21.10,sense_intronic,0.019072779
ENSG00000273015.2,RP11-352M15.2,lincRNA,0.018941842
ENSG00000261684.1,RP11-265N6.1,antisense,0.018941691
ENSG00000221990.4,EXOC3-AS1,antisense,0.01893113
ENSG00000203288.3,RP11-98D18.9,antisense,0.018911473
ENSG00000246273.6,SBF2-AS1,antisense,0.01889907
ENSG00000227627.1,RP1-101K10.6,antisense,0.018765686
ENSG00000266904.5,CTC-559E9.1,lincRNA,0.018760972
ENSG00000255090.5,MIR100HG,lincRNA,0.01870355
ENSG00000259495.2,RP11-210M15.2,lincRNA,0.01870343
ENSG00000256967.1,RP11-273B20.1,antisense,0.018591
ENSG00000272482.1,RP11-474O21.5,lincRNA,0.01855409
ENSG00000271830.1,RP11-1C8.7,lincRNA,0.018543698
ENSG00000226864.1,ATE1-AS1,antisense,0.01845963
ENSG00000233818.1,AP000695.4,antisense,0.018415133
ENSG00000250616.2,RP11-455F5.3,antisense,0.018389326
ENSG00000260552.1,RP11-49I11.1,antisense,0.01838396
ENSG00000270076.1,AF131215.8,lincRNA,0.018381162
ENSG00000245532.5,NEAT1,lincRNA,0.018376688
ENSG00000246451.2,RP11-894P9.1,antisense,0.018184097
ENSG00000253716.5,LINC01604,antisense,0.018182551
ENSG00000224046.1,AC005076.5,antisense,0.018171288
ENSG00000259877.2,RP11-46C24.7,antisense,0.018164823
ENSG00000262967.1,RP11-294J22.6,antisense,0.018162047
ENSG00000225963.7,AC009950.2,antisense,0.018151583
ENSG00000232993.1,RP11-334A14.5,antisense,0.018119227
ENSG00000245017.2,RP11-181C3.1,lincRNA,0.018075582
ENSG00000272293.1,RP11-91J19.3,antisense,0.018064147
ENSG00000245648.1,RP11-277P12.20,antisense,0.018057337
ENSG00000273033.2,RP11-67L2.2,lincRNA,0.018039923
ENSG00000276900.1,RP11-467L13.7,antisense,0.01803162
ENSG00000259129.5,LINC00648,lincRNA,0.017966777
ENSG00000261385.1,RP11-388M20.2,antisense,0.017876541
ENSG00000226853.2,AC010894.3,lincRNA,0.017855791
ENSG00000245149.3,RNF139-AS1,lincRNA,0.017840067
ENSG00000227591.5,RP1-28O10.1,antisense,0.017650083
ENSG00000278600.1,RP11-81A1.6,sense_intronic,0.017604794
ENSG00000232442.1,CTD-3184A7.4,antisense,0.017587127
ENSG00000266680.1,RP5-1148A21.3,antisense,0.017555064
ENSG00000235652.7,RP11-545I5.3,antisense,0.017550763
ENSG00000249550.6,LINC01234,lincRNA,0.017492125
ENSG00000275764.1,RP11-582E3.6,lincRNA,0.017481817
ENSG00000267654.1,RP11-973H7.4,lincRNA,0.017446468
ENSG00000271992.1,RP11-42O15.3,lincRNA,0.017418087
ENSG00000185186.8,LINC00313,lincRNA,0.017389404
ENSG00000215424.9,MCM3AP-AS1,antisense,0.017362466
ENSG00000228412.6,RP4-625H18.2,lincRNA,0.017241621
ENSG00000250132.6,RP11-359B12.2,antisense,0.017139018
ENSG00000172965.14,MIR4435-2HG,lincRNA,0.017132232
ENSG00000238121.5,LINC00426,lincRNA,0.017114373
ENSG00000272275.1,RP11-791G15.2,lincRNA,0.01709166
ENSG00000282033.1,RP11-506F3.1,lincRNA,0.017083207
ENSG00000234160.1,RP11-613M10.6,antisense,0.017038647
ENSG00000254614.2,AP003068.23,antisense,0.01702967
ENSG00000269900.3,RMRP,lincRNA,0.017028002
ENSG00000255135.3,RP11-111M22.3,lincRNA,0.017026361
ENSG00000248596.6,RP11-844P9.2,lincRNA,0.01692573
ENSG00000280081.3,MGC39584,lincRNA,0.016887752
ENSG00000268555.1,RP11-678G14.3,lincRNA,0.016870404
ENSG00000254427.1,RP11-430H10.1,lincRNA,0.016862888
ENSG00000234478.1,RP11-275I14.4,antisense,0.016849402
ENSG00000239213.5,NCK1-AS1,antisense,0.016826253
ENSG00000259884.1,RP11-1100L3.8,lincRNA,0.016795138
ENSG00000275097.1,RP11-627K11.6,3prime_overlapping_ncrna,0.016741332
ENSG00000247228.2,RP11-296I10.3,antisense,0.01666712
ENSG00000269352.1,PTOV1-AS2,antisense,0.016610127
ENSG00000266918.1,RP11-798G7.8,lincRNA,0.016602859
ENSG00000232445.1,RP11-132A1.4,antisense,0.016586743
ENSG00000216895.8,AC009403.2,antisense,0.016576838
ENSG00000261431.1,RP4-616B8.4,antisense,0.016557729
ENSG00000270210.1,RP11-373D23.3,lincRNA,0.016503952
ENSG00000234722.3,LINC01287,lincRNA,0.016483497
ENSG00000236081.1,ELFN1-AS1,lincRNA,0.016482256
ENSG00000230530.1,LIMD1-AS1,antisense,0.016479263
ENSG00000267565.1,CTC-559E9.8,antisense,0.01637879
ENSG00000267053.6,CTD-3162L10.1,lincRNA,0.01630663
ENSG00000271584.1,RP11-89C3.4,lincRNA,0.016306112
ENSG00000236756.4,DNAJC9-AS1,antisense,0.016304122
ENSG00000228789.6,HCG22,lincRNA,0.016217876
ENSG00000179523.4,EIF3J-AS1,lincRNA,0.016213091
ENSG00000270010.1,CTD-2132N18.4,sense_intronic,0.016174022
ENSG00000270816.5,LINC00221,lincRNA,0.016150784
ENSG00000228801.5,RP11-110G21.1,antisense,0.01613435
ENSG00000268525.1,CTB-59C6.3,antisense,0.016087614
ENSG00000272783.1,RP13-1016M1.2,lincRNA,0.016082147
ENSG00000261188.1,CTA-445C9.14,antisense,0.016049473
ENSG00000258727.1,RP11-66N24.3,antisense,0.016021697
ENSG00000272010.1,CTD-3025N20.3,lincRNA,0.015973013
ENSG00000240137.5,ERICH6-AS1,antisense,0.015972523
ENSG00000259661.1,AC068831.15,antisense,0.015861407
ENSG00000249790.2,RP11-20D14.6,lincRNA,0.015853269
ENSG00000280018.3,CH507-154B10.2,lincRNA,0.015796065
ENSG00000278383.1,RP4-694B14.8,antisense,0.015764108
ENSG00000197291.8,RAMP2-AS1,lincRNA,0.015760312
ENSG00000273142.1,RP11-458F8.4,lincRNA,0.015752696
ENSG00000249087.6,ZNF436-AS1,antisense,0.01575077
ENSG00000267470.5,ZNF571-AS1,antisense,0.01561769
ENSG00000246223.8,LINC01550,lincRNA,0.015559927
ENSG00000264019.1,RP11-6N17.6,antisense,0.015486736
ENSG00000249346.6,LINC01016,lincRNA,0.015479172
ENSG00000232093.1,RP11-307C12.11,antisense,0.015428662
ENSG00000230415.1,RP5-902P8.10,lincRNA,0.01542436
ENSG00000266469.1,CTB-131K11.1,antisense,0.015401249
ENSG00000274877.1,RP11-65I12.1,antisense,0.015394535
ENSG00000254338.1,MAFA-AS1,antisense,0.015372198
ENSG00000260896.5,PRCAT47,lincRNA,0.015366573
ENSG00000255389.1,C6orf3,antisense,0.015362743
ENSG00000267080.5,ASB16-AS1,antisense,0.015230292
ENSG00000272143.1,FGF14-AS2,lincRNA,0.015223767
ENSG00000260121.1,RP5-1142A6.9,antisense,0.015187024
ENSG00000267696.6,CTB-151G24.1,lincRNA,0.015132844
ENSG00000270195.1,RP11-572O17.1,lincRNA,0.014970891
ENSG00000230074.1,RP11-195F19.9,antisense,0.014906797
ENSG00000273391.1,RP11-634H22.1,antisense,0.014814751
ENSG00000238045.9,PAGR1,antisense,0.014701018
ENSG00000273650.1,CTD-3193K9.11,lincRNA,0.0146241635
ENSG00000253352.8,TUG1,antisense,0.014619354
ENSG00000261840.2,RP11-146F11.1,antisense,0.014531488
ENSG00000263470.1,RP11-160O5.1,lincRNA,0.014516765
ENSG00000261135.1,RP4-798A10.7,lincRNA,0.014504911
ENSG00000260032.1,LINC00657,lincRNA,0.014449359
ENSG00000259760.1,RP11-20G13.2,antisense,0.014423777
ENSG00000258301.3,RP11-488C13.5,lincRNA,0.014379004
ENSG00000245060.6,LINC00847,lincRNA,0.014372016
ENSG00000224597.9,SVIL-AS1,antisense,0.014356366
ENSG00000274265.4,CH17-189H20.1,lincRNA,0.0143349245
ENSG00000255495.1,AC145124.2,antisense,0.014311449
ENSG00000213904.8,LIPE-AS1,antisense,0.014206062
ENSG00000232098.3,CTD-2619J13.14,lincRNA,0.014203944
ENSG00000270091.1,RP11-78O7.2,lincRNA,0.014170312
ENSG00000266968.2,RP11-116O18.1,sense_intronic,0.014149568
ENSG00000223768.1,LINC00205,lincRNA,0.0141359195
ENSG00000272851.1,RP11-801F7.1,antisense,0.01413079
ENSG00000270673.1,YTHDF3-AS1,lincRNA,0.014122542
ENSG00000262160.1,RP11-96D1.11,antisense,0.013749096
ENSG00000225791.6,TRAM2-AS1,lincRNA,0.013738335
ENSG00000267123.5,CTD-2357A8.3,lincRNA,0.013730548
ENSG00000251867.3,RP11-48B3.5,antisense,0.013717401
ENSG00000223784.1,RP11-554I8.2,lincRNA,0.013685793
ENSG00000262227.1,RP5-1050D4.5,antisense,0.013634726
ENSG00000270067.1,CTC-487M23.5,antisense,0.013626099
ENSG00000276846.1,CTD-3220F14.3,antisense,0.013607946
ENSG00000255082.1,GRM5-AS1,antisense,0.013598002
ENSG00000276101.1,RP11-455O6.8,antisense,0.013567624
ENSG00000267002.1,RP11-242D8.1,lincRNA,0.013543017
ENSG00000249456.1,RP11-298J20.4,sense_overlapping,0.013506868
ENSG00000273230.1,RP11-1246C19.1,lincRNA,0.013478462
ENSG00000259279.1,CTD-2033D15.1,antisense,0.013467424
ENSG00000277744.1,CTC-435M10.12,sense_intronic,0.013460486
ENSG00000249249.1,AC010226.4,antisense,0.01339761
ENSG00000203886.4,CYP17A1-AS1,antisense,0.013347725
ENSG00000280164.1,CH507-254M2.3,lincRNA,0.013340124
ENSG00000203993.4,ARRDC1-AS1,antisense,0.013311246
ENSG00000269983.1,RP11-497H16.9,lincRNA,0.013183678
ENSG00000273568.1,RP11-417L19.6,sense_intronic,0.01315393
ENSG00000259352.1,RP11-109D20.2,antisense,0.013131611
ENSG00000273156.1,RP11-127B20.2,lincRNA,0.013104035
ENSG00000251364.6,CTD-2516F10.2,antisense,0.01306524
ENSG00000266903.1,CTB-171A8.1,antisense,0.013062246
ENSG00000237976.1,RP11-126K1.6,antisense,0.012919507
ENSG00000224660.1,SH3BP5-AS1,antisense,0.01291602
ENSG00000222020.2,AC062017.1,antisense,0.012829551
ENSG00000278126.1,RP11-454E5.4,sense_intronic,0.012773807
ENSG00000269044.2,CTC-429P9.3,sense_intronic,0.0127730165
ENSG00000270175.1,RP11-793H13.11,antisense,0.012749997
ENSG00000281649.1,EBLN3,lincRNA,0.012728163
ENSG00000275645.1,RP11-817O13.9,antisense,0.012587035
ENSG00000231908.1,IDH1-AS1,antisense,0.012572805
ENSG00000273108.1,RP11-416N2.4,antisense,0.012527426
ENSG00000272288.5,RP11-140K17.3,antisense,0.012513793
ENSG00000234183.1,AC004854.4,antisense,0.0124812685
ENSG00000256073.3,URB1-AS1,lincRNA,0.012454986
ENSG00000267868.1,RP11-120K24.3,lincRNA,0.012392572
ENSG00000224186.8,C5orf66,antisense,0.012360035
ENSG00000273192.1,CITF22-1A6.3,lincRNA,0.012307805
ENSG00000278910.3,BANCR,lincRNA,0.012300614
ENSG00000227028.6,SLC8A1-AS1,antisense,0.012280329
ENSG00000260563.3,RP13-516M14.1,lincRNA,0.0122460015
ENSG00000271754.1,RP3-337H4.9,antisense,0.012239734
ENSG00000236901.4,MIR600HG,sense_intronic,0.012234274
ENSG00000242282.6,AC108488.4,lincRNA,0.012227738
ENSG00000280441.2,CH507-528H12.1,lincRNA,0.012171202
ENSG00000268129.1,RP11-91G21.1,lincRNA,0.012090424
ENSG00000228109.1,MFI2-AS1,antisense,0.01205182
ENSG00000250903.8,GMDS-AS1,lincRNA,0.011918006
ENSG00000268087.1,CTC-429P9.2,lincRNA,0.011850159
ENSG00000257621.7,PSMA3-AS1,antisense,0.0118421335
ENSG00000275560.1,RP11-180M15.7,sense_intronic,0.011838631
ENSG00000213742.6,ZNF337-AS1,antisense,0.011794363
ENSG00000264112.1,RP11-159D12.2,lincRNA,0.011744237
ENSG00000235423.8,RP11-282O18.3,antisense,0.011689839
ENSG00000253898.1,LINC01419,lincRNA,0.011670417
ENSG00000278709.1,NKILA,antisense,0.011647572
ENSG00000255857.5,PXN-AS1,antisense,0.011633425
ENSG00000272660.1,RP11-145M9.6,antisense,0.01158274
ENSG00000258675.1,RP11-299L17.3,lincRNA,0.011580567
ENSG00000224307.1,RP11-344B5.2,lincRNA,0.011538429
ENSG00000260051.1,LA16c-390E6.4,antisense,0.011437773
ENSG00000272240.1,RP5-855D21.1,antisense,0.011320133
ENSG00000275601.1,AC011330.13,sense_intronic,0.011310969
ENSG00000244513.6,CTD-2013N24.2,antisense,0.011284035
ENSG00000259704.1,CTD-3094K11.1,sense_overlapping,0.01127514
ENSG00000257342.1,RP11-571M6.7,antisense,0.011256216
ENSG00000197989.13,SNHG12,antisense,0.011222636
ENSG00000226471.6,CTA-292E10.6,antisense,0.011104764
ENSG00000236882.7,LINC01554,lincRNA,0.011098629
ENSG00000272558.1,U91328.21,antisense,0.01108939
ENSG00000267100.1,ILF3-AS1,lincRNA,0.011075346
ENSG00000260095.1,RP11-715J22.3,antisense,0.011068698
ENSG00000253200.1,RP11-582J16.5,antisense,0.011052814
ENSG00000247572.7,CKMT2-AS1,antisense,0.01098522
ENSG00000274827.4,LINC01297,lincRNA,0.010896203
ENSG00000228486.9,LINC01125,antisense,0.010874339
ENSG00000267475.1,CTD-2538C1.2,lincRNA,0.010853299
ENSG00000264207.1,RP11-196G18.23,antisense,0.010802623
ENSG00000253154.1,CTA-392E5.1,lincRNA,0.01078169
ENSG00000238117.1,AP004372.1,antisense,0.010769768
ENSG00000215256.3,DHRS4-AS1,antisense,0.010696773
ENSG00000273253.2,RP3-402G11.26,antisense,0.010662746
ENSG00000278484.1,RP11-95I16.6,lincRNA,0.010640751
ENSG00000264247.1,LINC00909,lincRNA,0.010601832
ENSG00000258297.1,RP11-658F2.8,antisense,0.010519728
ENSG00000274653.1,RP11-347C12.11,antisense,0.010519657
ENSG00000232995.7,RGS5,antisense,0.010452999
ENSG00000237513.1,RP11-325F22.2,lincRNA,0.010437597
ENSG00000237491.8,RP11-206L10.9,lincRNA,0.010397892
ENSG00000239775.1,AC017116.11,sense_overlapping,0.010360173
ENSG00000204528.3,PSORS1C3,sense_intronic,0.01030982
ENSG00000273055.1,CTB-13F3.1,antisense,0.010232033
ENSG00000272619.1,RP11-563K23.1,lincRNA,0.010172928
ENSG00000246334.2,PRR7-AS1,antisense,0.010138317
ENSG00000261643.1,RP11-529E10.6,sense_overlapping,0.009988057
ENSG00000225439.2,BOLA3-AS1,antisense,0.0099574
ENSG00000251580.1,RP11-539L10.3,lincRNA,0.00992182
ENSG00000251022.6,THAP9-AS1,antisense,0.009873546
ENSG00000273080.1,RP11-301O19.1,antisense,0.009871153
ENSG00000179406.6,LINC00174,lincRNA,0.009866626
ENSG00000269958.1,RP11-73M18.8,sense_intronic,0.0097592
ENSG00000228242.6,AC093495.4,antisense,0.009758198
ENSG00000246263.2,UBR5-AS1,antisense,0.009738172
ENSG00000273143.1,RP11-525A16.4,lincRNA,0.009727664
ENSG00000244198.5,RP4-545C24.1,antisense,0.009659625
ENSG00000260465.1,RP11-63M22.2,antisense,0.009647607
ENSG00000235663.1,SAPCD1-AS1,antisense,0.0096186455
ENSG00000272991.1,AF129408.17,antisense,0.009617628
ENSG00000259330.1,INAFM2,antisense,0.009602217
ENSG00000261324.2,RP11-174G6.5,sense_overlapping,0.00955732
ENSG00000236810.5,TCEB3-AS1,antisense,0.009540962
ENSG00000272707.1,RP11-534C12.1,lincRNA,0.00949729
ENSG00000215068.7,AC025171.1,antisense,0.009456041
ENSG00000226508.1,AC104655.3,lincRNA,0.009429707
ENSG00000269940.1,RP11-73M18.7,sense_intronic,0.009322868
ENSG00000253417.5,RP11-109J4.1,lincRNA,0.009275628
ENSG00000269910.1,RP11-73M18.10,antisense,0.009199838
ENSG00000236914.3,RP11-1008C21.2,lincRNA,0.009195747
ENSG00000250846.6,EPHA5-AS1,lincRNA,0.00907716
ENSG00000270164.1,LINC01480,lincRNA,0.009064866
ENSG00000278044.1,XXbac-B33L19.12,lincRNA,0.00905605
ENSG00000272153.1,RP1-286D6.5,antisense,0.009020311
ENSG00000230148.8,HOXB-AS1,antisense,0.00901109
ENSG00000272982.1,RP5-1180E21.4,antisense,0.008971086
ENSG00000258616.5,RP11-369C8.1,lincRNA,0.008947657
ENSG00000281103.1,TRG-AS1,antisense,0.008943072
ENSG00000237742.6,RP11-624M8.1,antisense,0.00892061
ENSG00000253426.5,RP11-10A14.4,lincRNA,0.008880291
ENSG00000255153.1,TOLLIP-AS1,antisense,0.008876241
ENSG00000247081.7,BAALC-AS1,antisense,0.0087907035
ENSG00000242349.5,NPPA-AS1,antisense,0.008766912
ENSG00000223701.3,RAET1E-AS1,antisense,0.008749136
ENSG00000271971.1,CTD-2006H14.2,antisense,0.008744295
ENSG00000261641.2,LA16c-390E6.5,antisense,0.008602801
ENSG00000231365.5,RP11-418J17.1,antisense,0.008566964
ENSG00000247092.6,SNHG10,antisense,0.008566052
ENSG00000250237.1,CTC-498J12.1,lincRNA,0.008547524
ENSG00000254860.5,TMEM9B-AS1,antisense,0.008497101
ENSG00000261071.1,RP1-223E5.4,antisense,0.0084662475
ENSG00000236833.1,AC024560.2,lincRNA,0.0084657185
ENSG00000225465.8,RFPL1S,antisense,0.0084613925
ENSG00000244055.1,AC007566.10,antisense,0.008388379
ENSG00000251076.1,RP11-526F3.1,antisense,0.008313356
ENSG00000228624.7,RP3-399L15.3,antisense,0.008249388
ENSG00000257386.1,RP11-56G10.2,antisense,0.0082034245
ENSG00000269386.5,RAB11B-AS1,antisense,0.008181075
ENSG00000234928.1,AP000344.3,lincRNA,0.008138691
ENSG00000224961.1,RP1-278O22.1,lincRNA,0.008105227
ENSG00000224020.1,MIR181A2HG,antisense,0.008078792
ENSG00000225302.2,RP11-539I5.1,antisense,0.008073812
ENSG00000266208.1,CTD-2267D19.3,antisense,0.008027304
ENSG00000236883.1,AP001615.9,antisense,0.008007687
ENSG00000236618.2,PITPNA-AS1,antisense,0.0079503255
ENSG00000227540.1,RP11-152N13.5,antisense,0.00794046
ENSG00000236778.7,INTS6-AS1,antisense,0.007928674
ENSG00000249776.5,RP11-133F8.2,lincRNA,0.007927772
ENSG00000233330.1,RP1-12G14.7,antisense,0.007890758
ENSG00000267260.1,CTD-2162K18.4,lincRNA,0.007890285
ENSG00000231663.1,RP5-827C21.4,antisense,0.007827506
ENSG00000233895.1,RP1-122P22.2,lincRNA,0.007821215
ENSG00000253364.1,RP11-731F5.2,lincRNA,0.0078165
ENSG00000223813.2,AC007255.8,antisense,0.0076804534
ENSG00000248445.5,SEMA6A-AS1,antisense,0.0076537486
ENSG00000263585.1,RP11-498C9.13,antisense,0.007653429
ENSG00000277801.1,RP11-681H18.2,lincRNA,0.0075982823
ENSG00000264569.1,RP13-650J16.1,antisense,0.007579202
ENSG00000276232.1,SCARNA10,sense_intronic,0.007542257
ENSG00000233184.6,RP11-421L21.3,antisense,0.007520887
ENSG00000268854.1,CTD-2545M3.2,antisense,0.0074439645
ENSG00000234684.6,SDCBP2-AS1,antisense,0.007406066
ENSG00000251136.8,RP11-37B2.1,lincRNA,0.0073997835
ENSG00000240005.5,RP11-293A21.1,antisense,0.0073301317
ENSG00000268362.5,CTD-2017D11.1,lincRNA,0.007321038
ENSG00000186594.12,MIR22HG,lincRNA,0.0072732004
ENSG00000223812.5,RP11-197K6.1,lincRNA,0.0072473185
ENSG00000177337.7,DLGAP1-AS1,antisense,0.007165248
ENSG00000253404.1,AC034243.1,antisense,0.0071444474
ENSG00000235499.1,AC073046.25,lincRNA,0.0070678745
ENSG00000268027.5,AC006129.2,lincRNA,0.007067454
ENSG00000273338.1,RP11-386I14.4,antisense,0.006981306
ENSG00000274253.4,RP11-566K19.6,sense_overlapping,0.0069625922
ENSG00000256377.5,RP11-1060J15.4,antisense,0.0069335694
ENSG00000233515.1,LINC01518,lincRNA,0.0069280732
ENSG00000232352.1,SEMA3B-AS1,antisense,0.006896804
ENSG00000228327.2,RP11-206L10.2,lincRNA,0.0067498856
ENSG00000273096.1,RP3-508I15.20,sense_intronic,0.006731527
ENSG00000277476.1,RP11-147L13.13,lincRNA,0.006687647
ENSG00000234771.3,SLC25A25-AS1,antisense,0.00659304
ENSG00000225484.6,NUTM2B-AS1,antisense,0.0065757763
ENSG00000280029.3,CH17-140K24.2,antisense,0.006440178
ENSG00000239569.3,KMT2E-AS1,antisense,0.006346439
ENSG00000227199.1,ST7-AS1,antisense,0.0061909296
ENSG00000272301.1,RP11-111M22.4,lincRNA,0.006137555
ENSG00000224914.2,LINC00863,lincRNA,0.00609048
ENSG00000224645.1,RP11-126K1.8,antisense,0.0060838494
ENSG00000273619.1,RP5-908M14.9,antisense,0.0060774605
ENSG00000231574.5,RP11-91K9.1,lincRNA,0.0060599656
ENSG00000258056.2,RP11-644F5.11,antisense,0.0060588936
ENSG00000261584.1,RP11-457M11.5,lincRNA,0.0060545667
ENSG00000267321.1,RP11-1094M14.11,lincRNA,0.0060283537
ENSG00000260878.1,RP11-320H14.1,sense_overlapping,0.005945955
ENSG00000262454.1,RP11-65J21.3,lincRNA,0.0059126504
ENSG00000264608.1,RP11-192H23.8,sense_intronic,0.0058305054
ENSG00000261505.1,LA16c-358B7.3,antisense,0.0057959994
ENSG00000258837.1,CTD-2566J3.1,antisense,0.005778892
ENSG00000267147.2,CTC-548K16.1,lincRNA,0.0056223795
ENSG00000224152.1,AC009506.1,antisense,0.0055708243
ENSG00000222041.10,LINC00152,lincRNA,0.005458249
ENSG00000233214.1,AC002511.2,lincRNA,0.005421484
ENSG00000273711.1,RP5-1021I20.8,antisense,0.005332844
ENSG00000242687.2,AC004893.11,antisense,0.00531652
ENSG00000232645.5,LINC01431,lincRNA,0.005234923
ENSG00000225255.6,LA16c-83F12.6,lincRNA,0.005230001
ENSG00000259407.1,RP11-158M2.3,antisense,0.0052258056
ENSG00000267198.1,RP11-798G7.6,lincRNA,0.005185836
ENSG00000240291.1,RP11-499P20.2,antisense,0.0051778643
ENSG00000256940.1,RP11-783K16.5,antisense,0.005138802
ENSG00000232065.1,LINC01063,antisense,0.0050858143
ENSG00000275479.1,RP11-334C17.6,lincRNA,0.005066829
ENSG00000272505.1,RP11-981G7.6,lincRNA,0.0050362404
ENSG00000255114.1,RP11-110I1.6,antisense,0.004962593
ENSG00000261094.2,RP11-355O1.11,sense_overlapping,0.00492973
ENSG00000232300.1,FAM215B,lincRNA,0.004862356
ENSG00000244128.5,LINC01322,lincRNA,0.004825797
ENSG00000273308.1,RP11-496H1.2,lincRNA,0.004801379
ENSG00000271122.1,RP11-379H18.1,antisense,0.0047799726
ENSG00000228463.8,AP006222.2,lincRNA,0.0046919393
ENSG00000249673.6,NOP14-AS1,antisense,0.0046899877
ENSG00000262468.5,LINC01569,lincRNA,0.004685494
ENSG00000244879.4,GABPB1-AS1,antisense,0.0046584946
ENSG00000229896.2,RP11-456H18.2,lincRNA,0.004654553
ENSG00000243926.1,TIPARP-AS1,antisense,0.004611268
ENSG00000254910.1,RP11-326C3.7,antisense,0.004586744
ENSG00000249203.1,RP11-473L15.3,lincRNA,0.004542289
ENSG00000263072.5,ZNF213-AS1,antisense,0.0044805515
ENSG00000271895.2,RP4-635E18.8,antisense,0.004479931
ENSG00000260267.1,RP11-452L6.5,antisense,0.004345085
ENSG00000272686.1,RP11-390E23.6,antisense,0.004235723
ENSG00000231170.5,AC002451.3,antisense,0.004201886
ENSG00000251129.1,RP11-734I18.1,lincRNA,0.004181706
ENSG00000272849.1,RP11-347I19.8,lincRNA,0.004170475
ENSG00000260107.1,AC005606.15,lincRNA,0.0041427547
ENSG00000255435.6,RP11-770J1.3,antisense,0.0041163783
ENSG00000276077.4,CH507-254M2.2,lincRNA,0.0041038916
ENSG00000278611.1,CTC-543D15.8,lincRNA,0.00401158
ENSG00000226696.5,LENG8-AS1,antisense,0.004006994
ENSG00000259939.1,RP11-77H9.5,antisense,0.003999956
ENSG00000272086.1,CTD-2186M15.3,lincRNA,0.003975757
ENSG00000248508.6,SRP14-AS1,lincRNA,0.0039231814
ENSG00000275431.1,CTB-186H2.3,antisense,0.0038938436
ENSG00000272831.1,RP11-792A8.4,antisense,0.0038691969
ENSG00000272030.1,RP1-178F15.4,antisense,0.0038480484
ENSG00000229370.1,AC092635.1,lincRNA,0.0038290245
ENSG00000235978.6,AC018816.3,antisense,0.003795344
ENSG00000214106.7,PAXIP1-AS2,antisense,0.0037299958
ENSG00000244479.6,OR2A1-AS1,antisense,0.0037292691
ENSG00000272478.1,RP1-317E23.7,antisense,0.0036601326
ENSG00000272829.1,XXbac-B135H6.18,lincRNA,0.0036523866
ENSG00000246859.2,STARD4-AS1,antisense,0.003621226
ENSG00000253802.1,CTA-392C11.1,lincRNA,0.0036047166
ENSG00000260257.2,RP5-1085F17.3,lincRNA,0.003587744
ENSG00000276533.1,RP11-139H15.5,sense_intronic,0.003567524
ENSG00000260618.1,RP11-23N2.4,antisense,0.0033913234
ENSG00000262370.5,RP11-473M20.9,lincRNA,0.003376314
ENSG00000227121.1,RP11-319F12.2,lincRNA,0.0033431372
ENSG00000259891.1,CTA-204B4.2,antisense,0.00330921
ENSG00000263146.2,RP11-849I19.1,lincRNA,0.003294089
ENSG00000274828.1,RP11-567M16.6,lincRNA,0.0032704917
ENSG00000234147.1,RP3-460G2.2,lincRNA,0.003233029
ENSG00000271870.1,RP11-97C16.1,antisense,0.0031373072
ENSG00000269293.2,ZSCAN16-AS1,antisense,0.003079778
ENSG00000267751.5,AC009005.2,antisense,0.003049528
ENSG00000258761.1,RP11-24J19.1,antisense,0.0029723502
ENSG00000256007.1,ARAP1-AS1,antisense,0.0028775681
ENSG00000278903.3,CH507-145C22.1,lincRNA,0.0027960078
ENSG00000235576.1,AC092580.4,lincRNA,0.0027361598
ENSG00000251442.5,LINC01094,lincRNA,0.0026938291
ENSG00000266441.1,RP11-91I8.3,antisense,0.0026790048
ENSG00000237371.1,RP13-152O15.5,antisense,0.0026554798
ENSG00000226688.6,ENTPD1-AS1,antisense,0.0025951844
ENSG00000228651.1,RP11-556E13.1,antisense,0.0025102121
ENSG00000261613.2,RP11-20I23.13,antisense,0.0023412765
ENSG00000234104.1,RP5-1177M21.1,lincRNA,0.0023011335
ENSG00000259792.1,RP11-114H24.6,antisense,0.0022563564
ENSG00000228528.1,AC068057.1,lincRNA,0.0022410497
ENSG00000273702.1,RP11-758H9.2,lincRNA,0.0021889915
ENSG00000204792.2,LINC01291,lincRNA,0.002153673
ENSG00000230513.1,THAP7-AS1,antisense,0.0020434351
ENSG00000206573.8,THUMPD3-AS1,antisense,0.0020429278
ENSG00000273437.1,RP11-434H6.7,lincRNA,0.0019648327
ENSG00000245385.2,RP11-334E6.10,antisense,0.0019520721
ENSG00000272606.1,RP11-554J4.1,antisense,0.0019370561
ENSG00000237036.4,ZEB1-AS1,antisense,0.0018886139
ENSG00000228393.3,LINC01004,antisense,0.0018468339
ENSG00000214293.8,APTR,lincRNA,0.0018271673
ENSG00000245970.2,KB-1208A12.3,antisense,0.0018229436
ENSG00000230606.10,AC159540.1,lincRNA,0.0016530373
ENSG00000253768.1,CTB-33O18.1,lincRNA,0.0016087723
ENSG00000258926.1,RP11-47I22.1,antisense,0.0015920285
ENSG00000256725.1,RP11-662M24.2,lincRNA,0.0015364145
ENSG00000268518.1,CTD-2545M3.8,lincRNA,0.0015328086
ENSG00000229299.2,RP4-583P15.10,antisense,0.0014534858
ENSG00000234171.2,RNASEH1-AS1,antisense,0.0012996489
ENSG00000213888.3,LINC01521,lincRNA,0.001211893
ENSG00000248049.6,UBA6-AS1,antisense,0.0012081597
ENSG00000272600.1,AC007308.7,antisense,0.0011357437
ENSG00000185837.3,CECR5-AS1,antisense,0.0010029358
ENSG00000269235.1,ZNF350-AS1,antisense,0.00090621586
ENSG00000232940.5,HCG25,antisense,0.0008440426
ENSG00000274104.1,CTD-2553L13.10,lincRNA,0.0007826653
ENSG00000253320.5,AZIN1-AS1,antisense,0.00076018134
ENSG00000253356.1,RP11-90P5.2,antisense,0.00046480336
ENSG00000259952.1,AC009133.15,antisense,0.0
ENSG00000273271.1,AP000254.8,antisense,0.0
ENSG00000278768.1,BACE1-AS,antisense,0.0
ENSG00000270082.1,RP11-178L8.8,antisense,0.0
ENSG00000277688.1,RP11-697E22.1,antisense,0.0
ENSG00000234377.7,RNF219-AS1,antisense,0.0
ENSG00000258610.1,RP11-488C13.7,lincRNA,0.0
ENSG00000273837.1,LLNLR-470E3.1,sense_intronic,0.0
ENSG00000265784.1,RP1-56K13.3,antisense,0.0
ENSG00000267453.6,AC004791.2,lincRNA,0.0
ENSG00000272668.1,RP11-190A12.8,antisense,0.0
ENSG00000228295.1,LINC00392,lincRNA,0.0
ENSG00000264272.1,CTD-2514K5.4,antisense,0.0
ENSG00000272418.1,RP11-762H8.4,sense_intronic,0.0
ENSG00000227432.1,AC053503.11,antisense,0.0
ENSG00000263272.1,CTC-524C5.2,antisense,0.0
ENSG00000262049.1,RP13-1032I1.7,antisense,0.0
ENSG00000261478.1,RP11-429B14.4,lincRNA,0.0
ENSG00000258824.2,CTD-2555O16.2,antisense,0.0
ENSG00000253230.6,LINC00599,lincRNA,0.0
ENSG00000248779.1,RP11-53O19.2,lincRNA,0.0
ENSG00000232581.1,AC079742.4,antisense,0.0
ENSG00000231074.8,HCG18,antisense,0.0
ENSG00000260296.1,RP11-395I6.3,sense_overlapping,0.0
ENSG00000270372.1,RP11-109M17.2,lincRNA,0.0
ENSG00000260934.1,CTA-363E6.7,antisense,0.0
ENSG00000256813.1,RP11-804A23.4,antisense,0.0
ENSG00000242375.1,RP11-498P14.3,lincRNA,0.0
ENSG00000234506.5,LINC01506,lincRNA,0.0
ENSG00000237457.6,LINC01351,lincRNA,0.0
ENSG00000235426.2,RP11-342M3.5,antisense,0.0
ENSG00000225032.5,RP11-228B15.4,antisense,0.0
ENSG00000260276.2,RP11-77H9.2,antisense,0.0
ENSG00000176868.2,RP11-334J6.7,antisense,0.0
ENSG00000265168.1,RP11-192H23.5,antisense,0.0
ENSG00000257815.5,LINC01481,antisense,0.0
ENSG00000262791.1,RP11-961A15.1,antisense,0.0
ENSG00000276997.4,RP11-378J18.9,lincRNA,0.0
ENSG00000205885.7,C1RL-AS1,antisense,0.0
ENSG00000228214.6,LINC00693,antisense,0.0
ENSG00000249592.5,RP11-440L14.1,antisense,0.0
ENSG00000273409.1,RP11-480C22.1,lincRNA,0.0
ENSG00000249835.2,VCAN-AS1,antisense,0.0
ENSG00000253821.1,RP11-246K15.1,lincRNA,0.0
ENSG00000260370.1,RP11-631M21.1,lincRNA,0.0
ENSG00000249196.6,RP11-669N7.2,antisense,0.0
ENSG00000263218.2,CTD-2561B21.7,antisense,0.0
ENSG00000274372.4,RP11-94I2.4,lincRNA,0.0
